Date,Timefile,Time,Frame,Size (cm),Direction,Notes,
May 9,23:03,23:36:39,1878/2820,86,down,,
May 11,23:40,05:45:11,1460/2828,87,down,,
May 11,23:10,23:10:12,55/2841,54,up,,
May 11,23:10,23:13:50,1080/2841,"59,60,60",up,,
May 11,23:10,23:19:04,2575/2841,59,up,,
May 12,01:20,01:29:06,2577/2834,80,down,,
May 12,01:50,01:56:42,1897/2829,55,down,,
May 12,01:50,01:57:21,2085/2829,59,up,,
May 12,01:50,01:58:49,2493/2829,55,down,,
May 12,02:10,02:18:14,2328/2823,70,up,,
May 12,02:00,02:00:48,222/2855,76,down,,
May 12,04:20,04:21:05,300/2828,65,down,,
May 13,01:20,01:20:49,228/2826,57,up,,
May 13,01:20,01:25:26,1541/2826,66,down,,
May 13,01:20,01:27:47,2200/2826,72,down,,
May 13,01:20,01:29:19,2632/2826,88,down,,
May 13,04:00,04:02:17,633/2811,88,down,,
May 13,20:20,20:22:59,834/2848,82,up,,
May 13,23:50,23:56:59,1974/2832,59,up,,
May 14,00:40,00:46:48,1749/2848,70,up,,
May 14,00:30,00:35:33,1566/2840,70,down,,
May 14,23:50,11:37:41,2166/2872,50,up,,
May 15,01:50,01:56:27,1847/2852,67,up,,
May 15,01:50,01:57:18,2087/2852,67,down,,
May 15,02:20,02:22:19,658/2830,69,down,,
May 15,02:20,02:27:24,2096/2830,75,down,,
May 15,23:40,23:41:06,303/2817,80,down,,
May 15,23:40,23:48:52,2504/2817,51,down,,
May 15,23:40,23:49:24,2655/2817,53,down,,
May 16,05:00,05:00:39,184/2811,61,up,,
May 16,22:50,22:56:53,1948/2832,82,down,,
May 16,22:50,22:58:31,2413/2832,66,down,,
May 16,23:00,23:00:37,166/2810,74,down,,
May 17,23:00,23:00:23,102/2806,53,up,,
May 18,02:50,02:51:55,540/2838,69,down,,
May 18,04:40,04:48:55,2530/2814,76,down,,
May 18,20:00,20:06:10,1745/2830,57,up,,
May 18,20:00,20:06:10,1745/2830,53,up,,
May 18,20:00,20:09:41,2742/2830,57,down,,
May 18,20:00,20:09:41,2742/2830,53,down,,
May 18,23:40,23:46:30,1821/2811,56,up,,
May 18,23:40,23:48:04,2269/2811,51,up,,
May 19,00:20,00:21:44,473/2801,59,up,,
May 19,01:00,01:01:33,427/2824,53,up,,
May 19,23:00,23:06:49,1919/2818,87,down,,
May 20,00:00,00:08:38,2425/2813,70,down,,
May 20,02:30,02:36:02,1697/2822,70,down,,
May 22,01:00,01:05:33,1557/2814,58,up,,
May 22,02:10,02:12:58,817/2894,80,down,,
May 22,02:10,02:18:33,2393/2794,69,down,,
May 22,03:00,03:07:41,2149/2805,59,up,,
May 22,03:00,03:09:21,2624/2805,57,up,,
May 22,04:50,04:54:19,1202/2799,59,up,,
May 22,06:30,06:38:29,2399/2818,86,down,,
May 23,01:10,01:12:11,592/2781,80,down,,
May 23,01:10,01:12:22,646/2781,65,down,,
May 23,01:10,01:18:10,2264/2781,52,up,,
May 23,05:10,05:18:47,2441/2784,56,down,,
May 23,21:10,21:19:28,2631/2772,75,down,,
May 23,23:20,23:24:05,1129/2764,75,down,,
May 24,00:00,00:00:03,12/2761,57,up,,
May 24,00:50,00:51:03,286/2791,57,up,,
May 24,00:50,00:58:15,2300/2791,54,up,,
May 24,01:50,01:51:54,523/2782,58,up,,
May 24,03:30,03:32:16,626/2787,75,up,,
May 24,04:10,04:14:32,1265/2783,56,up,,
May 24,04:10,04:15:39,1580/2783,56,up,,
May 24,22:50,22:59:41,2671/2759,82,down,otter?,
May 24,23:00,23:01:29,393/2774,55,up,,
May 24,23:00,23:01:29,393/2774,56,up,,
May 24,23:00,23:07:31,2086/2774,68,up,,
May 24,23:00,23:07:23,2047/2774,59,down,,
May 25,00:40,00:48:30,2390/2811,55,up,,
May 25,02:20,02:24:28,1230/2777,56,up,,
May 25,05:10,05:11:08,307/2798,56,up,,
May 25,05:10,05:16:34,1832/2798,60,down,,
May 25,05:10,05:16:57,1943/2798,75,down,,
May 25,21:20,21:20:51,239/2794,70,up,otter?,
May 25,21:40,21:49:27,2642/2797,70,down,otter?,
May 26,01:20,01:21:34,435/2789,59,down,,
May 26,01:20,01:29:08,1158/2789,59,up,,
May 26,01:20,01:29:04,2531/2789,61,up,,
May 26,01:10,01:11:44,471/2801,54,up,,
May 26,01:10,01:14:21,1214/2801,60,up,,
May 26,01:10,01:17:17,2034/2801,60,up,,
May 26,01:10,01:19:19,2606/2801,61,up,,
May 26,02:10,02:14:42,1317/2797,50,up,,
May 26,02:10,02:17:14,2019/2797,61,up,,
May 26,02:40,02:42:03,562/2798,55,up,,
May 26,05:10,05:10:44,186/2775,54,up,,
May 26,22:00,22:04:30,1263/2808,93,up,otter,
May 26,22:40,22:48:11,2276/2793,57,up,,
May 27,00:30,00:35:50,1619/2783,83,up,otter,
May 27,01:10,01:14:09,1157/2798,63,down,,
May 27,01:30,01:35:14,1459/2789,57,up,,
May 27,01:30,01:37:56,2211/2789,54,up,,
May 27,02:00,02:08:58,2445/2735,81,up,otter,
May 27,02:10,02:10:24,106/2780,58,up,,
May 27,02:10,02:14:35,1269/2780,56,up,,
May 27,03:30,03:31:35,431/2788,62,up,,
May 27,03:30,03:36:06,1702/2788,61,up,,
May 27,05:20,05:22:41,733/2789,50,up,,
May 27,05:20,05:28:40,2414/2789,50,down,,
May 27,06:20,06:29:32,2663/2794,60,up,,
May 27,06:20,06:29:32,2663/2794,51,up,,
May 27,22:00,22:02:54,791/2761,70,down,otter,
May 28,00:50,00:51:50,514/2783,58,up,,
May 28,00:50,00:54:25,1222/2783,78,down,,
May 28,00:20,00:20:15,65/2763,57,up,,
May 28,00:20,00:24:18,1184/2763,53,up,,
May 28,01:30,01:31:21,381/2780,97,up,,
May 28,01:30,01:31:39,462/2780,59,up,,
May 28,01:30,01:34:13,1173/2780,54,up,,
May 28,01:00,01:01:56,518/2770,55,up,,
May 28,01:00,01:06:21,1754/2770,59,down,,
May 28,01:00,01:07:46,2152/2770,64,up,,
May 28,03:10,03:16:45,1879/2760,61,up,,
May 28,03:30,03:32:55,819/2766,90,up,otter,
May 28,03:30,03:39:44,2691/2766,56,up,,
May 28,04:40,04:40:44,195/2770,56,up,,
May 28,04:40,04:43:59,1096/2770,54,up,,
May 28,04:40,04:43:59,1096/2770,55,up,,
May 28,04:40,04:48:02,2227/2770,53,up,,
May 28,21:00,21:08:46,2438/2774,92,down,otter,
May 28,22:00,22:09:24,2618/2774,90,down,otter,
May 29,00:50,00:52:58,810/2765,58,up,,
May 29,00:50,00:53:14,880/2765,53,up,,
May 29,00:50,00:53:52,1065/2765,51,up,,
May 29,00:50,00:54:15,1165/2765,55,down,,
May 29,00:50,00:54:42,1287/2765,56,down,,
May 29,00:50,00:57:16,2011/2765,61,up,,
May 29,00:50,00:57:42,2117/2765,53,up,,
May 29,00:50,00:58:49,2436/2765,52,up,,
May 29,01:50,01:56:14,1739/2767,59,up,,
May 29,01:50,01:59:46,2701/2767,55,up,,
May 29,01:40,01:41:28,396/2759,60,up,,
May 29,02:50,02:56:29,1771/2759,57,up,,
May 29,02:50,02:57:06,1953/2759,50,up,,
May 29,02:50,02:57:25,2038/2759,57,up,,
May 29,04:30,04:35:43,1586/2763,78,down,otter,
May 29,04:30,04:39:44,2689/2763,59,up,,
May 29,04:10,04:13:55,1090/2782,58,up,,
May 29,05:40,05:44:52,1340/2776,127,down,,
May 29,21:30,21:37:42,2120/2752,80,up,otter,
May 29,22:50,22:53:46,1039/2768,55,up,,
May 29,22:50,22:57:53,2184/2768,87,up,otter,
May 29,23:20,23:23:24,928/2762,50,down,,
May 30,01:50,01:55:00,1394/2777,49,up,*re-cut to starting frame 1390 to fit fish,
May 30,01:50,01:59:14,2568/2777,60,up,,
May 30,01:10,01:16:52,1899/2764,55,up,,
May 30,01:10,01:17:41,2127/2764,59,up,,
May 30,02:20,02:25:30,1521/2744,57,up,,
May 30,02:20,02:25:37,1554/2744,56,up,,
May 30,02:20,02:27:12,1985/2744,56,up,,
May 30,03:30,03:37:18,2025/2770,54,up,,
May 30,03:30,03:37:19,2028/2770,55,up,,
May 30,03:30,03:38:18,2300/2770,55,up,,
May 30,03:50,03:57:01,1941/2771,52,up,*Corrected,
May 30,04:10,04:18:32,2354/2758,58,up,,
May 30,04:00,04:04:47,1320/2751,61,up,,
May 30,21:40,21:47:19,2005/2751,86,down,otter,
May 30,22:50,22:58:04,2230/2760,59,up,,
May 30,22:50,22:58:04,2230/2760,55,up,,
May 30,23:40,23:41:22,380/2755,56,up,,
May 30,23:40,23:47:00,1971/2755,74,down,,
May 31,01:50,01:53:19,919/2768,58,down,,
May 31,01:50,01:59:03,2514/2768,53,up,,
May 31,02:00,02:01:25,375/2742,56,down,,
May 31,02:00,02:01:51,504/2742,54,up,,
May 31,02:00,02:02:27,657/2742,56,down,,
May 31,02:30,02:31:12,332/2725,92,down,otter,
May 31,03:40,03:47:06,1966/2750,122,up,otter,
May 31,04:40,04:45:40,1564/2756,56,down,,
May 31,04:40,04:45:40,1564/2756,52,down,,
May 31,04:30,04:34:00,1099/2757,59,up,,
May 31,04:30,04:34:00,1099/2757,57,up,,
May 31,05:40,05:43:18,913/2751,63,down,,
May 31,05:40,05:46:12,1717/2751,54,up,,
May 31,05:40,05:46:05,1683/2751,52,up,,
May 31,05:40,05:47:16,2008/2751,56,down,,
May 31,05:10,05:10:16,64/2737,58,down,,
May 31,20:50,20:57:43,2146/2784,72,down,,
May 31,21:50,21:57:14,2005/2778,73,down,,
May 31,21:50,21:58:14,2298/2778,84,up,,
May 31,21:40,21:45:33,1524/2742,75,up,,
May 31,21:40,00:01:18,356/2782,52,up,"*Not sure where the error is in this line, but the fish location in the ARIS file was unclear so I skipped it.",
June 1,00:00,00:01:18,356/2782,57,NA,,
June 1,00:20,00:26:23,1771/2776,50,up,,
June 1,00:20,00:28:35,2382/2776,59,up,,
June 1,01:20,01:24:19,1182/2774,50,up,,
June 1,02:20,02:20:10,39/2753,56,up,,
June 1,02:20,02:21:01,265/2753,56,down,,
June 1,02:20,02:22:11,589/2753,55,up,,
June 1,02:30,02:36:00,1633/2737,55,up,,
June 1,03:40,03:49:26,2639/2789,57,up,,
June 1,03:10,03:12:23,673/2727,91,down,otter,
June 1,04:30,04:33:56,1075/2732,59,up,,
June 1,04:30,04:33:58,1083/2732,59,up,,
June 1,04:30,04:37:18,2008/2732,59,down,,
June 1,05:50,05:55:28,1487/2741,76,up,otter,
June 1,20:50,20:54:57,1360/2748,55,down,,
June 1,20:40,20:48:38,2362/2744,57,up,,
June 2,00:10,00:15:17,1451/2756,51,up,,
June 2,00:10,00:19:17,2548/2756,48,up,,
June 2,00:20,00:28:38,2389/2770,54,up,,
June 2,01:40,01:42:53,762/2748,51,up,,
June 2,02:10,02:16:52,1909/2779,53,up,,
June 2,02:10,02:19:55,2758/2779,48,up,,
June 2,03:30,03:34:04,1129/2777,54,up,,
June 2,03:50,03:58:37,2366/2750,58,up,,*re-cut to change start frame to 2266
June 2,04:10,04:19:16,2562/2767,46,up,,
June 2,05:10,05:10:41,180/2788,50,up,,
June 2,05:10,05:17:31,2093/2788,62,up,,
June 2,05:20,05:22:51,789/2778,56,up,,
June 3,00:20,00:23:00,820/2761,48,up,,
June 3,00:20,00:23:47,1038/2761,58,up,,
June 3,00:50,00:55:57,1654/2783,47,up,,
June 3,00:50,00:57:24,2070/2783,56,up,,
June 3,00:50,00:57:25,2073/2783,55,up,,
June 3,01:30,01:39:23,2603/2782,48,up,,
June 3,02:00,02:05:34,1541/2778,57,up,,
June 3,02:00,02:05:51,1622/2778,79,down,otter,
June 3,04:40,04:45:08,1417/2775,56,up,,
June 3,04:00,04:04:34,1281/2768,53,up,,*re-cut to change start frame to1271
June 3,06:30,06:39:05,2519/2772,76,up,otter,
June 3,06:10,06:17:28,2063/2753,81,up,otter,
June 3,20:10,20:12:25,2068/2792,71,up,otter,
June 3,22:10,22:10:27,122/2789,71,up,otter,
June 3,23:10,23:12:40,744/2773,53,up,,
June 4,01:40,01:49:45,2698/2770,51,up,,
June 4,01:00,01:04:35,1269/2777,97,up,otter,
June 4,03:20,03:26:54,1916/2775,72,up,otter,
June 4,03:40,03:47:28,2067/2971,NA,down,blob,"*no label for this item, was not entered"
June 4,04:10,04:11:20,367/2784,60,up,,
June 4,05:40,05:40:30,133/2715,70,up,otter,
June 4,05:40,05:48:55,2415/2715,69,up,otter,
June 4,23:50,23:50:54,245/2760,58,up,,
June 5,00:20,00:23:20,919/2766,45,up,,
June 5,00:10,00:12:46,758/2775,45,up,,
June 5,01:20,01:20:22,90/2770,51,up,,
June 5,01:20,01:22:13,605/2770,50,up,,
June 5,04:20,04:20:07,30/2797,54,up,,
June 5,21:30,04:39:56,2750/2768,77,up,otter,
June 5,21:00,21:00:41,179/2789,71,up,otter,
June 5,23:50,23:53:41,1021/2802,57,up,,
June 5,23:50,23:53:42,1030/2802,46,up,,
June 5,23:50,23:53:43,1033/2802,49,up,,
June 5,23:50,23:54:22,1222/2802,56,up,,
June 5,23:50,23:55:11,1449/2802,49,up,,
June 5,23:50,23:59:13,2584/2802,48,up,,
June 6,00:00,00:00:22,92/2790,53,up,,*re-cut to change start frame to 82
June 6,00:00,00:01:28,596/2790,54,up,,"*data entry error, corresponding frame to the time recorded is 400/2790"
June 6,00:50,00:52:51,777/2756,54,up,,*re-cut to change start frame to 767
June 6,00:50,00:55:11,1429/2756,58,up,,
June 6,00:50,00:55:51,1610/2756,60,up,,
June 6,01:20,01:21:43,472/2777,54,up,,
June 6,01:20,01:26:59,1438/2772,46,up,,"*data entry error, corresponding frame to the time recorded is 1935/2777"
June 6,02:40,02:40:13,57/2747,55,up,,
June 6,03:00,03:08:52,2451/2748,63,up,,
June 6,04:30,04:37:42,2126/2749,45,up,,
June 6,22:30,22:31:54,509/2755,84,up,otter,
June 7,00:40,00:49:04,2515/2773,87,up,otter,
June 7,01:00,01:00:11,49/2795,53,up,,
June 7,01:20,01:21:35,430/2776,51,up,,
June 7,02:40,02:47:56,2156/2728,53,up,,
June 7,02:40,02:48:40,2335/2728,58,up,,
June 7,02:40,02:48:36,2335/2728,60,up,,
June 7,02:30,02:32:02,564/2786,81,up,otter,
June 7,02:30,02:35:16,1467/2786,55,up,,
June 7,02:30,02:31:10,1722/2786,54,up,,
June 7,03:50,03:55:38,1548/2768,57,up,,
June 7,03:50,03:56:37,1821/2768,57,up,,
June 7,03:50,03:59:11,2537/2768,47,up,,
June 7,04:10,04:12:56,805/2779,51,up,,
June 7,04:10,04:13:15,892/2779,53,up,,
June 7,04:10,04:18:17,2294/2779,59,up,,
June 7,04:10,04:18:19,2300/2779,58,up,,
June 7,20:40,20:41:55,520/2790,75,down,otter,
June 7,22:00,22:00:35,160/2799,90,up,otter,
June 7,22:00,22:08:44,2443/2799,60,down,,
June 7,23:30,23:31:19,338/2757,54,up,,
June 7,23:30,23:31:19,342/2757,58,up,,
June 7,23:30,23:31:20,343/2757,58,up,,
June 7,23:30,23:31:20,343/2757,54,up,,
June 7,23:30,23:31:21,351/2757,51,NA,,
June 7,23:30,23:31:21,351/2757,48,up,,
June 7,23:30,23:31:22,354/2757,51,NA,,
June 7,23:30,23:35:21,1437/2757,54,up,,
June 7,23:30,23:36:51,1870/2757,73,down,otter,
June 8,00:00,00:00:42,181/2783,45,up,,
June 8,00:20,00:28:37,2415/2802,53,up,,
June 8,01:30,01:34:38,1292/2792,51,up,,
June 8,01:30,01:36:54,1928/2792,52,up,,
June 8,01:30,01:37:33,2111/2792,52,up,,
June 8,01:30,01:38:01,2246/2792,79,up,otter,
June 8,01:00,01:00:07,20/2782,58,up,,*re-cut to change start frame to 10
June 8,01:00,01:00:36,162/2782,52,up,,
June 8,01:00,01:02:20,644/2782,60,up,,
June 8,02:00,02:01:29,400/2771,49,down,,
June 8,02:00,02:05:41,1572/2771,52,up,,
June 8,02:00,02:08:15,2289/2771,57,up,,
June 8,02:00,02:08:17,2301/2771,49,up,,
June 8,02:00,02:08:38,2395/2771,50,up,,
June 8,02:20,02:21:10,329/2809,58,up,*Yellow cells corrected from 2:10,
June 8,02:20,02:21:39,459/2809,57,up,,
June 8,02:20,02:21:43,476/2809,53,up,,
June 8,02:20,02:22:21,659/2809,59,up,,
June 8,02:20,02:27:00,1462/2809,53,up,*Orange cell corrected to 1962/2809,
June 8,03:50,03:51:13,322/2795,47,up,,
June 8,03:50,03:52:20,640/2795,72,down,otter,
June 8,03:50,03:53:23,938/2795,79,up,otter,
June 8,03:50,03:55:28,1524/2795,51,up,,
June 8,03:50,03:59:14,2576/2795,55,up,,
June 8,03:00,03:00:26,108/2808,50,↻,,
June 8,03:00,03:01:27,396/2808,54,↻,,
June 8,03:00,03:07:33,2128/2808,55,up,,
June 8,04:40,04:44:08,1160/2807,54,up,,
June 8,04:40,04:44:08,1160/2807,52,up,,
June 8,04:40,04:44:08,1160/2807,59,up,,
June 8,04:50,04:54:00,1117/2808,59,down,,
June 8,04:50,04:54:00,1117/2808,51,down,,
June 8,20:10,20:12:51,787/2809,89,up,otter,
June 8,23:30,23:35:52,1648/2810,56,up,,
June 8,23:30,23:36:43,1887/2810,53,down,239,
June 8,23:30,23:38:26,2373/2810,55,up,725,
June 8,23:30,23:38:27,2378/2810,55,up,,
June 9,00:10,00:12:56,804/2798,55,down,,
June 9,01:40,01:40:09,32/2804,53,down,,
June 9,01:40,01:43:07,866/2804,57,down,,
June 9,01:40,01:44:26,1240/2804,52,up,,
June 9,01:40,01:46:48,1907/2804,51,up,,
June 9,01:40,01:48:15,2315/2804,50,up,,
June 9,01:40,01:49:01,2529/2804,50,up,,
June 9,01:40,01:49:18,2610/2804,52,up,,
June 9,01:10,01:14:16,1181/2800,52,up,,
June 9,02:10,02:15:05,1394/2773,51,up,*File name is 021006,
June 9,02:10,02:16:05,1674/2773,55,up,,
June 9,02:10,02:16:25,1763/2773,54,down,,
June 9,02:10,02:16:16,1720/2773,47,↻,,
June 9,02:10,02:16:49,1878/2773,60,down,,
June 9,02:10,02:17:08,1967/2773,54,up,,
June 9,02:20,02:20:36,155/2805,58,up,,
June 9,02:20,02:21:48,501/2805,60,up,,
June 9,02:20,02:22:05,585/2805,60,down,,
June 9,02:20,02:23:57,1099/2805,56,up,,
June 9,02:20,02:25:09,1490/2805,50,up,,
June 9,02:20,02:26:07,1700/2805,55,up,,
June 9,02:20,02:28:39,2420/2805,50,up,,
June 9,02:20,02:28:54,2490/2805,49,up,,
June 9,03:00,03:00:14,55/2818,58,up,,
June 9,03:00,03:00:27,118/2818,56,up,,
June 9,03:00,03:04:14,1189/2818,59,up,,
June 9,03:00,03:04:28,1254/2818,48,up,,
June 9,04:20,04:25:18,1491/2827,45,up,,
June 9,04:20,04:25:35,1571/2827,50,up,,
June 9,04:50,04:50:32,145/2801,54,up,,
June 9,04:50,04:53:27,967/2801,56,up,,
June 9,04:50,04:57:48,2185/2801,58,down,,
June 9,04:50,04:58:31,2389/2801,72,up,otter,
June 9,05:10,05:17:07,2010/2821,56,down,*had to correct start frame to see both fish (1960/2821),
June 9,05:10,05:17:07,2011/2821,49,down,,
June 9,20:20,20:25:30,1537/2783,92,up,,
June 9,20:20,20:25:30,1537/2783,81,up,,
June 9,21:20,21:27:51,2203/2808,79,up,,
June 9,21:20,21:28:53,2492/2808,80,up,,
June 9,23:10,23:19:12,2401/2791,86,down,*had to correct start frame to see fish (2578/2821),
June 10,00:20,00:20:10,37/2795,51,up,,
June 10,00:20,00:20:31,135/2795,49,up,,
June 10,00:20,00:23:39,1013/2795,45,down,,
June 10,00:20,00:24:04,1132/2795,48,up,,
June 10,00:20,00:26:46,1892/2795,45,up,,
June 10,00:20,00:26:51,1913/2795,46,up,,
June 10,00:00,00:04:19,1201/2792,57,up,,
June 10,00:00,00:05:40,1585/2729,60,up,,
June 10,00:00,00:05:44,1601/2729,59,up,,
June 10,00:00,00:05:47,1619/2729,55,up,,
June 10,02:30,02:31:20,355/2786,59,up,,
June 10,02:30,02:36:23,1764/2786,52,up,,
June 10,02:30,02:36:47,1882/2786,59,up,,
June 10,02:50,02:51:02,277/2788,58,up,,
June 10,02:50,02:58:31,2383/2788,54,up,,
June 10,03:10,03:12:14,622/2786,57,up,,
June 10,03:10,03:19:37,2680/2786,48,up,,
June 10,03:40,03:41:32,416/2799,51,up,,
June 10,03:40,03:48:05,2261/2799,49,up,,
June 10,03:40,03:48:07,2271/2799,54,up,,
June 10,04:50,04:51:17,352/2797,53,up,*End frame adjusted to 2777,
June 10,04:50,04:56:46,1877/2777,52,down,,
June 10,04:50,04:56:46,1877/2777,47,down,,
June 10,04:50,04:56:46,1879/2777,53,down,,
June 10,04:10,04:15:12,1427/2762,54,up,,
June 10,21:30,21:31:45,492/2794,46,down,,
June 10,22:00,21:35:15,1464/2974,67,down,object,
June 10,22:00,22:00:33,125/2782,56,up,,
June 10,22:00,22:00:33,125/2782,50,up,,
June 10,22:00,22:00:34,128/2782,60,up,,
June 10,22:00,22:00:36,140/2782,58,up,,
June 10,22:00,22:00:38,140/2782,45,up,,
June 10,22:20,22:25:32,1538/2790,55,down,,
June 10,22:20,22:25:36,1556/2790,54,down,,
June 10,22:20,22:25:36,1556/2790,54,down,,
June 10,22:20,22:25:44,1595/2790,55,down,,
June 10,23:30,23:30:13,45/2791,51,up,,
June 10,23:30,23:30:13,94/2791,45,up,,
June 10,23:30,23:38:17,2307/2791,54,down,,
June 10,23:50,23:52:07,572/2771,47,up,,
June 10,23:50,23:56:56,1914/2771,45,up,,
June 10,23:50,23:57:38,2111/2771,54,up,,
June 11,01:10,01:12:43,742/2768,49,up,,
June 11,01:10,01:16:25,1776/2768,48,up,,
June 11,02:20,02:20:07,15/2781,49,up,,
June 11,03:30,03:38:45,2420/2768,90,down,object,
June 11,04:30,04:33:37,999/2781,47,↻,,
June 11,04:30,04:33:37,999/2781,56,↻,,
June 11,04:30,04:33:41,1014/2781,49,↻,,
June 11,04:30,04:33:41,1014/2781,50,↻,,
June 11,04:30,04:39:59,2780/2781,47,↻,,
June 11,05:00,05:05:55,1644/2792,55,up,,
June 11,06:10,06:10:51,221/2787,46,up,,
June 11,06:10,06:10:51,222/2787,53,up,,
June 11,06:10,06:10:51,222/2787,49,up,,
June 11,06:10,06:10:51,222/2787,49,up,,
June 11,06:10,06:10:52,227/2787,46,up,,
June 11,06:10,06:10:52,227/2787,55,up,,
June 11,06:00,06:10:57,253/2787,56,up,,
June 11,06:00,06:02:52,796/2771,57,up,,
June 11,06:00,06:05:25,1494/2771,52,down,,
June 11,06:00,06:05:25,1494/2771,48,down,,
June 11,06:00,06:05:25,1494/2771,40,down,,
June 11,06:00,06:05:29,1517/2771,53,down,,
June 11,06:00,06:05:29,1516/2771,59,down,,
June 11,06:00,06:05:31,1523/2771,49,down,,
June 11,22:40,22:48:04,2246/2791,52,up,,
June 11,22:40,22:48:04,2246/2791,50,up,,
June 11,22:40,22:48:04,2246/2791,56,up,,
June 11,22:40,22:48:04,2246/2791,49,up,,
June 11,22:40,22:48:04,2246/2791,52,up,,
June 12,01:50,01:53:07,861/2777,48,down,,
June 12,02:00,02:08:13,2243/2739,49,up,,
June 12,03:30,03:32:10,583/2774,45,up,,
June 12,04:00,04:07:09,1981/2772,58,up,,
June 12,22:30,22:31:41,423/2701,48,up,,
June 12,22:50,22:53:00,797/2666,52,down,,
June 12,22:50,22:55:12,1400/2666,51,up,,
June 12,22:50,22:55:12,1400/2666,48,up,,
June 12,22:50,22:55:12,1400/2666,45,up,,
June 12,22:50,22:55:12,1400/2666,51,up,,
June 12,22:50,22:55:12,1400/2666,50,up,,
June 12,23:10,23:14:19,1127/2700,45,up,,
June 12,23:10,23:14:19,1127/2700,46,up,,
June 12,23:50,23:50:06,17/2742,57,up,,
June 12,23:50,23:50:08,27/2742,53,up,,
June 12,23:50,23:50:08,27/2742,57,up,,
June 13,00:00,00:07:02,1890/2675,50,up,,
June 13,00:00,00:07:34,2013/2675,57,up,,
June 13,01:50,01:52:26,639/2768,57,↻,,
June 13,01:50,01:55:08,1398/2768,47,up,,
June 13,01:50,01:57:21,2024/2768,55,up,,
June 13,01:30,01:38:23,2352/2807,57,down,,
June 13,01:30,01:37:54,2219/2807,52,up,,
June 13,02:10,02:16:05,1689/2792,56,up,,
June 13,02:10,02:19:58,2784/2792,55,up,,
June 13,03:40,03:41:28,384/2768,45,up,,
June 13,03:40,03:46:08,1688/2768,53,↻,,
June 13,03:40,03:46:08,1688/2768,53,↻,,
June 13,03:40,03:45:57,1922/2768,48,up,,
June 13,03:40,03:46:56,1914/2768,52,up,,
June 13,03:10,03:11:06,208/2681,54,up,,
June 13,03:10,03:13:32,868/2681,48,up,,
June 13,04:30,04:32:58,665/2681,54,up,,
June 13,04:20,04:20:36,144/2788,53,up,,
June 13,04:20,04:20:39,158/2788,50,up,,
June 13,05:30,05:32:14,579/2751,50,up,,
June 13,05:30,05:32:14,579/2751,49,up,,
June 13,05:30,05:39:44,2677/2751,52,down,,
June 13,05:30,05:39:44,2677/2751,48,down,,
June 13,05:00,05:03:32,902/2730,52,up,,
June 13,05:00,05:06:31,1743/2730,50,up,,
June 13,05:00,05:08:10,2215/2730,52,down,,
June 13,20:30,20:35:39,1552/2759,59,down,,
June 13,20:10,20:19:42,2712/2793,74,up,otter,
June 13,22:30,22:31:58,536/2789,50 x 10,up,10 fish,
June 13,22:30,22:34:07,1138/2789,50 x 8,down,,
June 13,22:30,22:36:19,1755/2789,50 x 3,up,,
June 13,23:40,23:40:54,231/2730,57,up,,
June 13,23:40,23:44:51,1313/2730,57,up,,
June 13,23:40,23:45:46,1568/2730,48,up,,
June 14,00:50,00:50:23,2318/2758,51,up,,
June 14,00:20,00:23:33,974/2764,52,up,,
June 14,00:20,00:25:40,1555/2764,46,up,,
June 14,00:20,00:27:07,1959/2764,46,up,,
June 14,01:40,01:43:45,1019/2740,50,up,,
June 14,01:30,01:38:37,2339/2727,54,up,,
June 14,02:50,02:50:42,159/2733,45,up,,
June 14,02:50,02:53:54,1027/2733,56,down,,
June 14,02:50,02:54:17,1140/2733,49,up,,
June 14,03:50,03:57:41,2140/2768,53,up,,
June 14,04:30,04:30:12,47/2779,80,up,otter,
June 14,04:30,04:32:20,642/2779,55,up,,
June 14,04:30,04:37:05,1967/2779,47,up,,
June 14,04:30,04:37:05,1967/2779,45,up,,
June 14,04:30,04:37:26,2060/2779,52,up,,
June 14,04:30,04:37:26,2060/2779,51,up,,
June 14,22:40,22:42:00,569/2859,54,up,,
June 14,22:40,22:42:00,569/2869,49,up,,
June 14,22:40,22:42:34,732/2859,51,up,,
June 14,22:40,22:42:34,732/2859,51,up,,
June 14,22:40,22:42:34,732/2859,52,up,,
June 14,22:40,22:42:35,738/2859,50,up,,
June 14,22:40,22:42:39,753/2859,55,up,,
June 14,23:30,23:30:20,91/2856,45,up,,
June 14,22:30,22:30:34,154/2856,45,up,,
June 14,22:30,22:33:56,1123/2856,45,up,,
June 14,22:30,22:33:57,1127/2856,48,up,,
June 14,22:30,22:33:59,1136/2856,45,up,,
June 15,00:20,00:26:53,1961/2852,55,up,,
June 15,01:40,01:46:37,1891/2855,56,up,,
June 15,01:20,01:27:30,2131/2840,45,up,,
June 15,01:20,01:27:43,2192/2840,49,up,,
June 15,01:20,01:27:58,2259/2840,58,up,,
June 15,01:20,01:29:04,2573/2840,54,up,,
June 15,02:30,02:13:51,1102/2851,53,up,,
June 15,02:20,02:20:35,154/2846,59,up,,
June 15,02:20,02:21:08,313/2846,54,up,,
June 15,02:20,02:23:04,865/2846,49,up,,
June 15,02:20,02:27:30,2130/2846,53,up,,
June 15,02:20,02:27:33,2147/2846,91,up,otter,
June 15,03:40,03:40:08,31/2853,46,up,,
June 15,03:40,03:46:03,1727/2853,53,up,,
June 15,03:40,03:46:34,1869/2853,49,up,,
June 15,03:40,03:47:16,2073/2853,53,up,,
June 15,03:40,03:48:31,2434/2853,59,up,,
June 15,03:40,03:49:37,2751/2853,45,up,,
June 15,03:10,03:12:56,826/2837,45,up,,
June 15,03:10,03:15:16,1495/2837,48,up,,
June 15,03:10,03:15:30,1554/2837,47,up,,
June 15,03:10,03:18:41,2466/2837,49,up,,
June 15,04:20,04:21:03,293/2849,96,up,otter,
June 15,04:20,04:24:10,1187/2849,53,up,,
June 15,04:20,04:27:26,2118/2849,49,up,,
June 15,04:20,04:29:11,2617/2849,45,up,,
June 15,04:20,04:29:12,2624/2849,48,up,,
June 15,04:30,04:30:14,88/2863,52,up,,
June 15,04:30,04:35:03,1448/2863,50,up,*note is illegible,
June 15,06:20,06:23:19,943/2858,53,up,,
June 15,06:20,06:23:19,943/2858,50,up,,
June 16,22:10,22:18:07,2317/2856,46,down,,
June 16,22:20,22:22:25,677/2840,54,up,,
June 17,00:40,00:40:43,201/2819,53,up,,
June 17,00:40,00:40:46,213/2819,56,up,,
June 17,00:40,00:41:29,417/2819,47,up,,
June 17,00:40,00:42:41,745/2819,49,up,,
June 17,00:40,00:42:20,1509/2819,48,up,,
June 17,00:40,00:46:18,1776/2819,57,up,,
June 17,00:40,00:46:59,1965/2819,50,up,,
June 17,00:40,00:47:34,2136/2819,50,up,,
June 17,00:40,00:47:57,2244/2819,60,up,,
June 17,00:00,00:04:18,1208/2845,50,up,,
June 17,00:00,00:05:04,1427/2845,45,up,,
June 17,00:00,00:05:18,1493/2845,48,up,,
June 17,00:00,00:08:10,2320/2845,47,up,,
June 17,00:00,00:09:24,2673/2845,45,up,,
June 17,01:30,01:34:35,1255/2836,47,up,,
June 17,01:30,01:34:35,1293/2836,48,↻,,
June 17,01:30,01:34:54,1402/2836,48,up,,
June 17,01:10,01:13:50,1090/2848,45,up,,
June 17,01:10,01:15:35,1596/2848,49,up,,
June 17,01:10,01:18:45,2503/2848,47,up,,
June 17,02:00,02:01:03,297/2834,49,up,,
June 17,02:00,02:09:46,2772/2838,53,↻,,
June 17,02:00,02:09:26,2676/2834,90,up,otter,
June 17,03:20,03:22:42,755/2830,45,up,,
June 17,03:20,03:23:41,1037/2830,49,up,,
June 17,03:20,03:29:00,2542/2830,45,up,,
June 17,04:50,04:50:02,5/2841,57,down,,
June 17,04:50,04:50:02,5/2841,58,down,,
June 17,04:50,04:50:33,154/2841,53,up,,
June 17,04:50,04:50:33,154/2841,48,down,,
June 17,04:50,04:50:33,154/2841,46,down,,
June 17,04:50,04:50:33,154/2841,45,down,,
June 17,04:50,04:50:33,154/2841,45,down,,
June 17,04:50,04:52:39,758/2841,54,down,,
June 17,04:50,04:52:39,758/2841,50,down,,
June 17,04:00,04:00:52,242/2849,57,up,,
June 17,04:00,04:00:52,242/2849,47,up,,
June 17,04:00,04:01:15,353/2849,56,down,,
June 17,04:00,04:01:15,353/2849,54,down,,
June 17,04:00,04:01:15,505/2849,56,up,,
June 17,04:00,04:01:15,505/2849,54,up,,
June 17,04:00,04:02:59,829/2849,51,up,,
June 17,04:00,04:02:56,839/2849,51,up,,
June 17,04:00,04:02:59,854/2849,50,up,,
June 17,04:00,04:03:02,866/2849,50,up,,
June 17,04:00,04:03:05,880/2849,59,up,,
June 17,04:00,04:03:20,952/2849,45,up,,
June 17,04:00,04:04:15,1215/2849,57,up,,
June 17,04:00,04:04:17,1223/2849,53,up,,
June 17,04:00,04:04:33,1302/2849,50,down,,
June 17,04:00,04:07:12,2055/2849,60,up,,
June 17,04:00,04:08:21,1386/2849,52,down,,
June 17,04:00,04:08:39,2467/2849,58,down,,
June 17,04:00,04:08:45,2498/2849,49,up,,
June 17,22:20,22:23:37,1582/2825,47,up,,
June 17,23:40,23:48:13,2314/2820,57,up,,
June 17,23:40,23:49:40,2724/2820,52,up,,
June 17,23:40,23:49:40,2724/2820,49,up,,
June 17,23:40,23:49:40,2724/2820,52,up,,
June 17,23:40,23:49:41,2731/2820,56,up,,
June 17,23:40,23:49:43,2739/2820,62,up,,
June 17,23:40,23:49:47,2762/2820,51,up,,
June 18,00:50,00:50:04,10/2833,47,down,,
June 18,00:50,00:55:12,1475/2833,45,down,,
June 18,00:50,00:55:53,1664/2833,58,up,,
June 18,00:50,00:56:17,1780/2833,57,down,,
June 18,00:50,00:56:17,1780/2833,59,down,,
June 18,00:50,00:56:28,1833/2833,57,up,,
June 18,00:50,00:56:42,1898/2833,49,up,,
June 18,00:50,00:56:52,1944/2833,50,up,,
June 18,00:50,00:59:55,2529/2833,52,up,,
June 18,00:30,00:30:36,171/2838,53,up,,
June 18,00:30,00:31:49,518/2838,47,up,,
June 18,00:30,00:32:07,589/2838,55,up,,
June 18,00:30,00:33:14,909/2838,47,up,,
June 18,00:30,00:33:29,985/2838,53,up,,
June 18,00:30,00:37:08,2025/2838,58,up,,
June 18,02:00,02:02:16,634/2809,52,up,,
June 18,02:00,02:02:20,653/2809,58,up,,
June 18,02:00,02:03:26,967/2809,52,up,,
June 18,02:00,02:05:04,1441/2809,53,up,,
June 18,02:00,02:06:19,1792/2809,60,up,,
June 18,02:00,02:08:52,2498/2809,75,up,,
June 18,02:30,02:34:49,1356/2823,54,up,,
June 18,02:30,02:36:38,1875/2823,52,up,,
June 18,02:30,02:36:55,1954/2823,57,up,,
June 18,02:30,02:37:23,2090/2823,56,up,,
June 18,02:30,02:37:28,2111/2823,49,up,,
June 18,03:40,03:40:44,203/2827,51,down,,
June 18,03:40,03:43:36,1014/2827,52,up,,
June 18,03:40,03:48:59,2545/2827,51,↻,,
June 18,03:40,03:48:59,2545/2827,49,↻,,
June 18,03:40,03:48:59,2545/2827,49,↻,,
June 18,03:40,03:48:59,2545/2827,46,up,,
June 18,03:40,03:49:52,2790/2827,60,up,,
June 18,03:40,03:49:52,2790/2827,48,up,,
June 18,03:50,03:51:17,363/2824,56,up,,
June 18,03:50,03:51:24,395/2824,58,down,,
June 18,03:50,03:54:04,1155/2824,50,up,,
June 18,03:50,03:58:38,2439/2824,45,up,,
June 18,04:20,04:20:01,1/2813,54,up,,
June 18,04:20,04:20:01,1/2813,45,up,,
June 18,04:20,04:21:41,460/2813,48,up,,
June 18,04:20,04:28:11,2295/2813,51,up,,
June 18,04:20,04:28:12,2304/2813,53,up,,
June 18,04:20,04:28:18,2328/2813,45,up,,
June 18,06:30,06:35:58,1689/2824,73,up,otter,
June 18,06:00,06:07:28,2122/2838,100,up,otter,
June 18,20:50,20:52:54,830/2850,74,down,otter,
June 18,22:50,22:51:30,419/2843,59,down,,
June 18,22:50,22:51:32,425/2843,52,down,,
June 18,22:50,22:51:33,431/2843,54,down,,
June 18,22:50,22:51:36,447/2843,45,down,,
June 18,23:50,23:52:21,663/2856,51,up,,
June 18,22:50,23:52:39,748/2856,50,up,,
June 18,22:50,23:52:57,837/2856,54,up,,
June 18,22:50,23:57:23,2113/2856,49,up,,
June 19,00:30,00:31:26,399/2844,48,up,,
June 19,00:30,00:32:11,613/2844,45,up,,
June 19,00:30,00:34:36,1312/2844,51,up,,
June 19,00:30,00:37:24,2109/2844,59,up,,
June 19,00:10,00:10:23,102/2858,58,up,,
June 19,00:10,00:10:54,245/2858,48,up,,
June 19,00:10,00:12:36,736/2858,55,up,,
June 19,00:10,00:12:55,824/2858,55,up,,
June 19,00:10,00:13:48,1081/2858,45,up,,
June 19,00:10,00:15:57,1697/2858,50,up,,
June 19,00:10,00:16:10,1759/2858,42,up,,
June 19,00:10,00:16:13,1772/2858,45,up,,
June 19,00:10,00:17:06,2027/2858,51,up,,
June 19,00:10,00:17:22,2100/2858,55,up,,
June 19,00:10,00:18:23,2396/2858,45,up,,
June 19,00:10,00:18:54,2544/2858,49,up,,
June 19,00:10,00:19:51,2819/2858,49,up,,
June 19,01:00,01:00:34,158/2857,48,up,,
June 19,01:40,01:46:42,1918/2859,70,up,,
June 19,02:40,02:42:22,667/2835,51,up,,
June 19,02:40,02:45:31,1569/2835,49,up,,
June 19,02:50,02:53:48,1069/2827,47,up,,
June 19,03:30,03:34:23,1244/2832,53,up,,
June 19,03:30,03:37:47,2201/2832,46,up,,
June 19,03:50,03:51:04,313/2850,54,up,,
June 19,03:50,03:57:22,2094/2850,45,up,,
June 19,03:50,03:54:23,2385/2850,48,up,,
June 19,04:00,04:02:36,731/2836,58,up,,
June 19,04:00,04:05:27,1549/2836,47,up,,
June 19,04:00,04:06:00,1705/2836,45,up,,
June 19,04:00,04:09:58,2829/2836,45,up,,
June 19,04:40,04:44:33,1293/2847,50,up,,
June 19,04:40,04:44:33,1293/2847,52,up,,
June 19,04:40,04:49:05,2587/2847,52,up,,
June 19,04:40,04:49:06,2593/2847,57,up,,
June 19,04:40,04:49:13,2624/2847,55,up,,
June 19,05:10,05:11:44,488/2835,48,down,,
June 19,05:10,05:15:05,1441/2835,50,up,,
June 19,05:10,05:17:56,2250/2835,51,up,,
June 19,05:10,05:18:09,2312/2835,49,up,,
June 19,05:10,05:19:33,2719/2835,56,up,,
June 19,05:40,05:43:34,1015/2857,50,up,,
June 19,05:40,05:43:36,1027/2857,45,up,,
June 19,06:20,06:21:51,547/2843,45,up,,
June 19,06:20,06:21:51,547/2843,46,up,,
June 19,02:50,20:52:06,588/2830,47,up,,
June 19,02:50,20:52:06,588/2830,49,up,,
June 19,02:50,20:52:08,599/2830,45,up,,
June 19,23:10,23:19:38,2720/2825,56,up,,
June 20,00:40,00:46:10,1748/2830,59,up,,
June 20,00:40,00:48:22,2379/2830,59,up,,
June 20,01:30,01:32:49,802/2849,45,↻,,
June 20,03:50,03:50:50,254/2812,45,up,,
June 20,04:00,04:01:51,526/2827,52,up,,
June 20,04:00,04:06:21,1809/2827,50,up,,
June 20,04:40,04:42:06,581/2829,49,up,,
June 20,04:40,04:44:10,1171/2829,46,up,,
June 20,05:10,05:13:46,1045/2793,51,up,,
June 20,05:10,05:18:48,2458/2793,53,up,,
June 20,22:30,22:34:00,1134/2834,46,up,,
June 20,22:30,22:34:00,1134/2834,45,up,,
June 20,22:30,22:34:00,1134/2834,47,up,,
June 20,22:30,22:34:00,1135/2834,47,up,,
June 20,22:30,22:34:05,1156/2834,47,up,,
June 20,23:30,23:33:33,1012/2838,77,up,,
June 20,23:30,23:35:17,1496/2838,48,up,,
June 21,01:30,01:31:04,296/2831,NA ,down,large blobs,
June 21,03:20,03:29:03,2558/2826,53,up,,
June 21,03:50,03:59:05,2582/2836,47,up,,
June 21,03:50,03:58:40,2458/2836,55,up,,
June 21,04:20,04:20:33,148/2812,54,up,,
June 21,04:20,04:27:38,2146/2812,45,up,,
June 21,04:40,04:46:05,1719/2830,48,up,,
June 21,05:50,05:50:02,6/2829,47,up,school of small,
June 21,05:50,05:53:28,984/2829,57,up,,
June 21,05:50,05:53:28,984/2829,48,up,,
June 21,05:50,05:53:28,984/2829,49,up,,
June 21,05:50,05:54:19,1215/2829,57,up,,
June 21,05:50,05:57:30,2126/2829,49,up,,
June 21,05:30,05:33:40,1031/2840,45,up,,
June 21,05:30,05:33:40,1031/2840,59,up,,
June 21,21:00,21:01:51,523/2830,95,up,otter,
June 21,23:40,23:45:52,1671/2835,54,up,,
June 21,23:40,23:47:16,2067/2835,45,up,,
June 21,23:40,23:49:53,2804/2835,54,up,,
June 22,00:10,00:10:45,201/2829,47,up,,
June 22,00:10,00:11:13,337/2825,55,up,,
June 22,00:10,00:11:38,454/2829,49,up,,
June 22,00:10,00:12:42,737/2829,45,up,,
June 22,00:10,00:13:21,946/2829,53,up,,
June 22,00:10,00:14:40,1318/2829,45,up,,
June 22,00:10,00:17:29,2114/2829,49,up,,
June 22,00:10,00:17:52,2210/2829,70,down,,
June 22,00:10,00:18:21,2361/2829,54,up,,
June 22,00:50,00:50:35,161/2823,54,up,,
June 22,00:50,00:54:12,1190/2823,53,up,,
June 22,00:50,00:56:12,1752/2823,49,up,,
June 22,01:20,01:20:05,21/2809,52,up,,
June 22,01:20,01:22:04,575/2809,50,up,,
June 22,01:20,01:23:07,875/2809,45,up,,
June 22,01:20,01:28:01,2259/2809,59,down,,
June 22,01:20,01:28:25,2377/2809,59,up,,
June 22,01:20,01:29:02,2538/2809,56,↺,,
June 22,01:40,01:40:56,263/2816,45,up,,
June 22,01:40,01:48:09,2296/2816,58,up,,
June 22,02:20,02:22:06,595/2821,52,up,,
June 22,02:20,02:22:47,784/2821,59,up,,
June 22,02:30,02:33:35,1005/2795,48,up,,
June 22,02:30,02:39:37,2684/2795,45,up,,
June 22,02:30,02:39:43,2713/2795,45,↺,,
June 22,03:50,03:51:07,311/2814,57,up,,
June 22,03:50,03:53:53,1091/2814,54,up,,
June 22,03:50,03:55:11,1464/2814,52,up,,
June 22,03:50,03:55:29,1549/2814,58,up,,
June 22,03:50,03:55:31,1537/2814,51,up,,
June 22,03:10,03:14:06,1156/2818,50,up,,
June 22,03:10,03:17:12,2032/2818,61,up,,
June 22,04:20,04:22:55,820/2817,45,up,,
June 22,04:20,04:25:01,1410/2817,53,up,,
June 22,04:20,04:28:06,2283/2817,50,up,,
June 22,04:30,04:35:21,1494/2804,53,up,,
June 22,04:30,04:35:38,1579/2804,54,up,,
June 22,06:10,06:19:21,2642/2823,51,up,,
June 22,22:40,22:43:58,1112/2818,46,up,,
June 22,23:20,23:29:59,2807/2811,53,up,,
June 22,23:50,23:50:13,55/2801,47,up,,
June 22,23:50,23:50:14,59/2801,46,up,,
June 22,23:50,23:51:19,62/2801,46,up,,
June 22,23:50,23:51:19,362/2801,50,up,,
June 22,23:50,23:51:20,369/2801,51,up,,
June 22,23:50,23:52:42,756/2801,55,up,,
June 22,23:50,23:54:07,1149/2801,48,up,,
June 22,23:50,23:54:31,1260/2801,54,up,,
June 22,23:50,23:54:31,1260/2801,56,up,,
June 22,23:50,23:54:34,1271/2801,54,up,,
June 22,23:50,23:54:35,1279/2801,53,up,,
June 22,23:50,23:56:05,1693/2801,50,up,,
June 22,23:50,23:56:06,1699/2801,58,up,,
June 22,23:50,23:56:06,1699/2801,50,up,,
June 22,23:50,23:56:07,1703/2801,46,up,,
June 22,23:50,23:57:22,2057/2801,49,up,,
June 22,23:50,23:57:22,2057/2801,50,up,,
June 22,23:50,23:57:25,2013/2801,48,up,,
June 22,23:50,23:59:09,2569/2801,54,up,,
June 23,00:00,00:03:49,1077/2816,52,up,,
June 23,00:00,00:06:09,1731/2816,48,up,,
June 23,00:00,00:06:13,1750/2816,49,up,,
June 23,00:00,00:06:17,1768/2816,51,down,,
June 23,00:00,00:06:18,1774/2816,54,up,,
June 23,00:00,00:08:20,2348/2816,68,up,,
June 23,00:00,00:08:50,2489/2816,48,up,,
June 23,00:00,00:09:17,2611/2816,45,up,,
June 23,00:00,00:09:17,2611/2816,45,up,,
June 23,00:00,00:09:18,2615/2816,48,up,,
June 23,00:00,00:09:36,2701/2816,47,up,,
June 23,00:30,00:32:12,620/2819,49,up,,
June 23,00:30,00:33:40,1034/2819,45,up,,
June 23,00:30,00:34:03,1142/2819,46,up,,
June 23,00:30,00:36:01,1690/2819,45,up,,
June 23,01:20,01:20:29,133/2839,52,up,,
June 23,01:20,01:21:51,526/2839,54,up,,
June 23,01:20,01:22:41,759/2839,56,up,,
June 23,02:20,02:21:25,399/2832,48,up,,
June 23,02:20,02:23:18,931/2832,45,up,,
June 23,02:20,02:23:30,984/2832,45,up,,
June 23,02:20,02:23:43,1043/2832,53,up,,
June 23,02:20,02:24:23,1231/2832,45,up,,
June 23,02:20,02:27:45,2193/2832,55,up,,
June 23,02:20,02:27:58,2257/2832,53,up,,
June 23,02:00,02:00:11,48/2809,57,up,,
June 23,02:00,02:01:19,369/2809,51,up,,
June 23,02:00,02:03:02,854/2809,54,up,,
June 23,02:00,02:06:35,1848/2809,45,up,,
June 23,03:00,03:04:59,1402/2820,45,up,,
June 23,03:40,03:41:24,391/2821,57,up,,
June 23,03:40,03:41:32,426/2821,58,up,,
June 23,03:40,03:48:03,2272/2821,50,up,,
June 23,03:40,03:49:23,2646/2821,61,up,,
June 23,04:30,04:32:33,710/2820,51,up,,
June 23,04:30,04:32:35,718/2820,54,up,,
June 23,04:30,04:36:10,1735/2820,45,down,,
June 23,04:40,04:43:19,916/2795,50,up,,
June 23,04:40,04:43:22,928/2795,55,up,,
June 23,04:40,04:43:22,929/2795,56,up,,
June 23,04:40,04:45:35,1558/2795,69,up,,
June 23,05:30,05:31:02,274/2793,51,up,,
June 23,05:30,05:31:02,274/2793,56,up,,
June 23,05:30,05:34:54,1633/2739,57,up,,
June 23,05:30,05:34:54,1633/2739,49,up,,
June 23,05:30,05:34:54,1633/2739,50,up,,
June 23,05:30,05:34:54,1633/2739,52,up,,
June 23,05:30,05:34:54,1633/2739,45,up,,
June 23,05:10,05:11:49,515/2807,47,up,,
June 23,05:10,05:11:49,515/2807,45,up,,
June 23,05:10,05:11:49,515/2807,45,up,,
June 23,05:10,05:11:49,515/2807,45,up,,
June 23,05:10,05:14:41,1324/2827,47,down,,
June 23,05:10,05:14:41,1324/2827,45,down,,
June 23,05:10,05:14:41,1324/2827,45,down,,
June 23,05:10,05:14:41,1324/2827,45,down,,
June 23,22:50,22:50:51,230/2826,13 x 50,up,,
June 23,23:30,23:37:31,2109/2798,48,up,,
June 24,00:10,00:10:49,227/2831,45,up,,
June 24,00:10,00:12:52,813/2831,49,up,,
June 24,00:10,00:13:05,875/2831,49,↺,,
June 24,00:10,00:13:18,929/2831,50,up,,
June 24,00:10,00:13:27,971/2831,53,up,,
June 24,00:10,00:13:52,1091/2831,50,up,,
June 24,00:10,00:14:18,1216/2831,51,up,,
June 24,00:10,00:15:06,1445/2831,45,up,,
June 24,00:10,00:15:10,1465/2831,45,up,,
June 24,00:10,00:15:10,1517/2831,46,up,,
June 24,00:10,00:15:35,1576/2831,46,up,,
June 24,00:10,00:15:38,1589/2831,45,up,,
June 24,00:30,00:30:52,233/2831,49,up,,
June 24,00:30,00:31:35,436/2831,48,up,,
June 24,00:30,00:32:00,556/2831,57,up,,
June 24,00:30,00:33:15,913/2831,45,up,,
June 24,00:30,00:33:35,1011/2831,47,up,,
June 24,00:30,00:35:02,1421/2831,58,up,,
June 24,00:30,00:35:56,1679/2831,47,up,,
June 24,00:30,00:36:14,1767/2831,52,up,,
June 24,00:30,00:36:28,1833/2831,57,up,,
June 24,01:40,01:42:55,824/2829,48,up,,
June 24,01:40,01:42:55,824/2829,54,up,,
June 24,01:40,01:43:10,898/2829,48,up,,
June 24,01:40,01:44:08,1170/2829,46,up,,
June 24,01:40,01:44:09,1174/2829,52,up,,
June 24,01:40,01:44:18,1221/2829,47,up,,
June 24,01:40,01:46:54,1951/2829,53,up,,
June 24,01:40,01:47:05,2003/2829,45,up,,
June 24,01:40,01:48:33,2423/2829,45,up,,
June 24,01:40,01:49:20,2641/2829,47,up,,
June 24,01:40,01:49:36,2722/2829,48,up,,
June 24,01:40,01:21:25,393/2837,51,up,,
June 24,01:20,01:22:57,832/2837,47,up,,
June 24,01:20,01:23:03,861/2837,45,up,,
June 24,01:20,01:23:13,902/2837,45,up,,
June 24,01:20,01:24:18,1212/2837,49,up,,
June 24,01:20,01:25:25,1535/2837,53,up,,
June 24,01:20,01:25:31,1562/2837,45,up,,
June 24,01:20,01:26:09,1748/2837,51,up,,
June 24,01:20,01:28:10,2323/2837,45,up,,
June 24,01:20,01:28:52,2516/2837,46,up,,
June 24,01:20,01:29:13,2620/2837,57,up,,
June 24,02:20,02:27:27,2115/2836,48,up,,
June 24,02:10,02:10:10,43/2828,54,up,,
June 24,02:10,02:15:26,1533/2828,45,up,,
June 24,02:10,02:16:38,1874/2828,45,up,,
June 24,02:10,02:16:41,1891/2828,45,up,,
June 24,02:10,02:17:13,2039/2828,45,up,,
June 24,02:10,02:18:01,2262/2828,47,↻,,
June 24,03:10,03:10:13,52/2826,55,up,,
June 24,03:10,03:11:15,348/2826,50,up,,
June 24,03:10,03:12:54,809/2826,51,up,,
June 24,03:10,03:17:22,2079/2826,67,up,,
June 24,03:10,03:19:18,2628/2826,53,up,,
June 24,03:00,03:02:32,716/2823,58,up,,
June 24,03:00,03:03:39,1031/2823,59,up,,
June 24,03:00,03:09:56,2809/2823,58,up,,
June 24,04:10,04:11:38,454/2820,51,up,,
June 24,04:10,04:16:51,1936/2828,58,up,,
June 24,04:10,04:17:00,1972/2820,51,up,,
June 24,04:10,04:17:08,2011/2820,45,up,,
June 24,04:10,04:17:12,2032/2820,46,up,,
June 24,04:10,04:17:24,2090/2820,45,up,,
June 24,04:10,04:17:46,2198/2820,47,down,,
June 24,04:10,04:17:48,2209/2820,49,↺,,
June 24,04:10,04:17:48,2209/2820,48,↺,,
June 24,04:50,04:53:13,828/2829,76,down,otter,
June 24,04:50,04:54:33,1277/2829,69,down,,
June 24,04:50,04:55:30,1552/2829,68,up,,
June 24,04:50,04:56:10,1741/2829,55,down,,
June 24,04:50,04:57:23,2087/2829,71,down,,
June 24,22:40,22:47:51,2221/2823,51,up,,
June 24,23:50,23:50:41,180/2812,46,up,,
June 24,23:50,23:51:05,298/2812,45,up,,
June 24,23:50,23:51:44,478/2812,52,up,,
June 24,23:50,23:51:44,478/2812,49,up,,
June 24,23:50,23:51:44,478/2812,49,up,,
June 24,23:50,23:52:06,585/2812,54,up,,
June 24,23:50,23:52:19,650/2812,49,up,,
June 24,23:50,23:52:25,675/2812,49,up,,
June 24,23:50,23:52:42,745/2812,46,up,,
June 24,23:50,23:53:35,998/2812,48,up,,
June 24,23:50,23:53:55,1086/2812,49,down,,
June 24,23:50,23:53:59,1105/2812,45,up,,
June 24,23:50,23:55:32,1550/2812,46,down,,
June 24,23:50,23:55:32,1550/2812,51,up,,
June 24,23:50,23:57:31,2114/2812,48,up,,
June 24,23:50,23:58:45,2464/2812,53,up,,
June 24,23:40,23:25:41,1609/2827,46,up,,
June 24,23:40,23:25:41,1609/2827,46,up,,
June 24,23:40,23:27:32,2131/2827,48,down,,
June 25,00:00,00:01:44,483/2823,57,up,,
June 25,00:00,00:02:58,832/2823,52,up,,
June 25,00:00,00:03:00,842/2823,45,up,,
June 25,00:00,00:04:28,1255/2823,47,up,,
June 25,00:00,00:04:58,1399/2823,46,up,,
June 25,00:00,00:05:14,1477/2823,47,up,,
June 25,00:00,00:05:18,1497/2823,45,up,,
June 25,00:00,00:07:34,2133/2823,49,up,,
June 25,00:00,00:08:53,2505/2823,50,up,,
June 25,00:40,00:42:01,565/2823,53,up,,
June 25,00:40,00:42:17,640/2823,49,up,,
June 25,00:40,00:42:55,822/2823,53,down,,
June 25,00:40,00:43:30,988/2823,47,down,,
June 25,00:40,00:43:34,1005/2823,58,up,,
June 25,00:40,00:43:46,1066/2823,47,up,,
June 25,00:40,00:44:11,1138/2823,57,up,,
June 25,00:40,00:45:34,1573/2823,57,up,,
June 25,00:40,00:46:23,1804/2823,54,up,,
June 25,00:40,00:47:25,2098/2823,52,up,,
June 25,00:40,00:47:27,2108/2823,55,up,,
June 25,00:40,00:47:27,2108/2823,55,up,,
June 25,00:40,00:49:08,2586/2823,50,up,,
June 25,00:40,00:49:33,2704/2823,51,up,,
June 25,00:40,00:49:52,2787/2823,54,up,,
June 25,01:20,01:21:42,476/2838,45,up,,
June 25,01:20,01:22:07,596/2838,57,up,,
June 25,01:20,01:25:10,1463/2838,45,up,,
June 25,01:20,01:27:20,2083/2838,49,up,,
June 25,01:50,01:53:02,838/2805,45,up,,
June 25,01:50,01:53:08,868/2805,45,up,,
June 25,01:50,01:54:41,1314/2805,56,up,,
June 25,01:50,01:54:49,1351/2805,49,up,,
June 25,01:50,01:57:02,1969/2805,50,up,,
June 25,01:50,01:59:31,2668/2805,52,up,,
June 25,02:00,02:01:06,302/2819,45,up,,
June 25,02:00,02:01:48,498/2819,56,down,,
June 25,02:00,02:02:26,681/2819,48,down,,
June 25,02:00,02:06:24,1802/2819,53,up,,
June 25,02:00,02:07:17,2047/2819,45,up,,
June 25,02:00,02:07:21,2070/2819,45,up,,
June 25,02:10,02:11:53,526/2818,57,up,,
June 25,02:10,02:11:58,550/2818,53,up,,
June 25,02:10,02:12:30,702/2818,60,up,,
June 25,02:10,02:12:52,807/2818,52,up,,
June 25,02:10,02:12:52,807/2818,58,up,,
June 25,02:10,02:13:06,877/2818,57,up,,
June 25,02:10,02:15:04,1429/2818,45,down,,
June 25,02:10,02:15:07,1446/2818,45,up,,
June 25,02:10,02:16:04,1713/2818,49,up,,
June 25,02:10,02:16:44,1900/2818,50,up,,
June 25,02:10,02:18:07,2292/2818,53,up,,
June 25,02:10,02:19:35,2706/2818,49,up,,
June 25,03:20,03:21:33,438/2810,51,up,,
June 25,03:20,03:23:12,899/2810,45,up,,
June 25,03:20,03:23:12,899/2810,54,up,,
June 25,03:20,03:24:01,1124/2810,47,up,,
June 25,03:20,03:24:01,1336/2810,48,down,,
June 25,03:20,03:24:59,1405/2810,55,NA,,
June 25,03:20,03:25:05,1425/2810,51,NA,,
June 25,03:20,03:25:11,1452/2810,56,NA,,
June 25,03:20,03:27:49,2192/2810,52,NA,,
June 25,03:20,03:28:55,2501/2810,57,NA,,
June 25,03:30,03:31:56,536/2824,56,NA,,
June 25,03:30,03:33:02,846/2824,57,NA,,
June 25,03:30,03:33:05,862/2824,58,up,,
June 25,03:30,03:34:27,1252/2824,59,up,,
June 25,03:30,03:36:31,1833/2824,51,NA,,
June 25,03:30,03:37:11,2019/2824,56,NA,,
June 25,03:30,03:37:32,2125/2824,58,NA,,
June 25,03:30,03:38:07,2285/2824,58,NA,,
June 25,03:30,03:38:56,2522/2824,52,up,,
June 25,03:30,03:39:20,2634/2824,50,NA,,
June 25,03:30,03:39:34,2699/2824,53,↻,,
June 25,04:00,04:07:05,2004/2837,56,up,,
June 25,04:20,04:20:17,75/2831,58,up,,
June 25,04:20,04:20:25,115/2831,52,up,,
June 25,04:20,04:20:25,149/2831,59,up,,
June 25,04:20,04:20:36,172/2831,55,up,,
June 25,04:20,04:21:23,391/2831,52,up,,
June 25,04:20,04:23:44,1060/2831,51,up,,
June 25,04:20,04:26:32,1852/2831,48,up,,
June 25,04:20,04:26:32,1852/2831,45,up,,
June 25,04:20,04:26:34,1869/2831,45,up,,
June 25,04:20,04:26:34,1869/2831,51,NA,,
June 25,04:20,04:26:34,1869/2831,49,NA,,
June 25,04:20,04:26:36,1871/2831,45,NA,,
June 25,04:20,04:26:39,1885/2831,50,NA,,
June 25,04:20,04:26:39,1885/2831,55,NA,,
June 25,04:20,04:26:41,1897/2831,45,up,,
June 25,05:20,05:20:06,21/2826,55,up,,
June 25,05:20,05:20:06,21/2826,45,up,,
June 25,05:20,05:20:06,21/2826,50,up,,
June 25,05:20,05:20:06,21/2826,45,up,,
June 25,05:20,05:22:09,599/2826,45,down,,
June 25,05:20,05:22:09,599/2826,57,down,,
June 25,05:20,05:22:09,599/2826,45,down,,
June 25,05:20,05:22:09,599/2826,49,down,,
June 25,05:50,05:53:01,843/2816,50,down,,
June 25,05:50,05:53:01,843/2816,45,down,,
June 25,05:30,05:53:01,843/2816,51,down,,
June 25,23:10,23:18:30,2362/2784,74,down,,
June 25,23:50,23:58:03,2247/2788,45,down,otter,
June 25,23:50,23:58:22,2328/2788,48,up,,
June 25,23:50,23:58:22,2328/2788,45,up,,
June 25,23:50,23:58:22,2328/2788,47,up,,
June 25,23:50,23:58:31,2342/2788,51,up,,
June 25,23:50,23:58:31,2363/2788,52,up,,
June 25,23:50,23:58:31,2363/2788,54,up,,
June 25,23:50,23:58:31,2363/2788,59,up,,
June 25,23:50,23:58:39,2404/2788,53,up,,
June 25,23:50,23:58:45,2431/2788,53,up,,
June 25,23:50,23:58:47,2445/2788,52,up,,
June 26,00:00,00:00:33,149/2800,55,up,,
June 26,00:00,00:00:58,270/2800,56,up,,
June 26,00:00,00:00:58,270/2800,55,up,,
June 26,00:00,00:01:08,312/2800,49,up,,
June 26,00:00,00:06:18,1758/2800,59,up,,
June 26,00:00,00:07:16,2028/2800,54,up,,
June 26,00:00,00:07:16,2028/2800,45,up,,
June 26,00:00,00:07:16,2037/2800,45,up,,
June 26,00:00,00:07:18,2037/2800,45,up,,
June 26,00:00,00:07:18,2193/2800,52,up,,
June 26,00:00,00:07:50,2581/2800,46,up,,
June 26,00:00,00:09:14,217/2798,50,up,,
June 26,00:20,00:20:48,65/2798,53,down,,
June 26,00:20,00:22:21,744/2798,51,up,,
June 26,00:20,00:22:58,822/2798,49,up,,
June 26,00:20,00:25:11,1445/2798,45,up,,
June 26,00:20,00:26:13,1728/2798,47,up,,
June 26,00:20,00:26:55,1929/2798,60,up,,
June 26,00:20,00:27:45,2163/2798,47,up,,
June 26,00:20,00:27:53,2201/2798,56,up,,
June 26,01:40,01:40:44,206/2809,49,up,,
June 26,01:40,01:48:00,2247/2809,58,up,,
June 26,01:00,01:02:13,612/2810,56,up,,
June 26,01:00,01:03:49,1061/2810,55,up,,
June 26,01:00,01:06:27,1803/2810,46,up,,
June 26,01:00,01:07:14,2023/2810,45,up,,
June 26,01:00,01:08:30,2383/2810,55,up,,
June 26,01:00,01:08:30,2383/2810,55,up,,
June 26,01:00,01:09:03,2544/2810,57,up,,
June 26,01:00,01:09:10,2574/2810,53,down,,
June 26,02:10,02:11:15,347/2808,46,down,,
June 26,02:10,02:11:56,538/2808,49,up,,
June 26,02:10,02:15:37,1572/2808,46,down,,
June 26,02:10,02:15:59,1571/2808,57,up,,
June 26,02:10,02:16:37,1854/2808,53,up,,
June 26,02:40,02:41:12,335/2796,45,up,,
June 26,02:40,02:42:11,610/2796,47,up,,
June 26,02:40,02:42:23,664/2796,49,up,,
June 26,02:40,02:45:33,1562/2796,45,up,,
June 26,02:40,02:46:27,1807/2796,50,up,,
June 26,02:40,02:46:34,1838/2796,56,up,,
June 26,02:40,02:49:11,2568/2796,49,up,,
June 26,03:00,03:02:31,709/2809,50,↻,,
June 26,03:00,03:05:09,1446/2809,55,up,,
June 26,03:00,03:08:07,2284/2809,50,up,,
June 26,03:00,03:08:36,2416/2809,46,up,,
June 26,03:30,03:33:00,838/2791,52,up,,
June 26,03:30,03:35:53,1648/2791,45,up,,
June 26,03:30,03:38:38,2408/2791,50,up,,
June 26,04:10,04:10:15,69/2803,59,down,,
June 26,04:10,04:10:15,69/2803,59,down,,
June 26,04:10,04:14:28,1243/2803,55,down,,
June 26,04:10,04:14:28,1246/2803,51,down,,
June 26,04:10,04:14:33,1268/2803,56,up,,
June 26,04:10,04:17:24,2067/2803,58,up,,
June 26,04:10,04:17:48,2182/2803,46,up,,
June 26,04:10,04:17:48,2182/2803,45,up,,
June 26,04:10,04:19:01,2530/2803,58,up,,
June 26,04:10,04:19:01,2530/2803,59,up,,
June 26,04:40,04:41:18,365/2803,50,up,,
June 26,04:40,04:41:18,365/2803,48,up,,
June 26,04:40,04:41:20,375/2803,50,up,,
June 26,04:40,04:41:20,375/2803,52,up,,
June 26,04:40,04:43:03,847/2803,54,up,,
June 26,04:40,04:44:00,1121/2803,51,up,,
June 26,04:40,04:46:04,1690/2803,58,up,,
June 26,04:40,04:46:04,1690/2803,55,up,,
June 26,04:40,04:46:04,1690/2803,55,up,,
June 26,05:00,05:01:02,275/2803,53,up,,
June 26,05:50,05:56:41,1878/2805,47,down,,
June 26,23:40,23:49:37,2693/2803,46,up,,
June 27,00:10,00:10:33,155/2790,58,up,,
June 27,00:10,00:10:36,169/2790,54,up,,
June 27,00:10,00:12:06,579/2790,55,up,,
June 27,00:10,00:12:28,687/2790,54,up,,
June 27,00:10,00:12:53,805/2790,51,up,,
June 27,00:10,00:16:39,1852/2790,56,up,,
June 27,00:10,00:17:26,2069/2790,58,up,,
June 27,00:10,00:18:45,2444/2790,45,up,,
June 27,00:10,00:18:48,2458/2790,49,up,,
June 27,00:10,00:18:53,2458/2790,52,up,,
June 27,00:10,00:19:24,2487/2790,49,up,,
June 27,00:50,00:55:39,2626/2790,55,up,,
June 27,00:50,00:55:43,1007/2766,56,up,,
June 27,00:50,00:55:43,1570/2766,52,up,,
June 27,00:50,00:59:08,2526/2766,57,up,,
June 27,01:40,01:42:30,700/2808,47,up,,
June 27,01:40,01:44:36,1301/2808,48,up,,
June 27,01:00,01:01:38,455/2783,46,up,,
June 27,01:00,01:03:15,911/2783,51,up,,
June 27,01:00,01:08:22,2332/2783,51,up,,
June 27,01:00,01:09:56,2769/2783,50,up,,
June 27,02:20,02:20:16,73/2784,49,up,,
June 27,02:20,02:21:02,273/2784,52,up,,
June 27,02:20,02:21:13,328/2784,57,up,,
June 27,02:20,02:21:52,509/2784,49,up,,
June 27,02:20,02:22:01,552/2784,46,up,,
June 27,02:20,02:27:44,2146/2784,54,up,,
June 27,02:40,02:41:03,290/2789,58,up,,
June 27,02:40,02:41:01,279/2789,54,up,,
June 27,02:40,02:42:09,593/2789,60,up,,
June 27,02:40,02:42:37,730/2789,51,up,,
June 27,02:40,02:46:15,1744/2789,46,up,,
June 27,02:40,02:47:16,2032/2789,45,up,,
June 27,02:40,02:49:16,2590/2789,50,up,,
June 27,02:40,02:49:23,2623/2789,51,up,,
June 27,03:40,03:40:39,167/2781,51,up,,
June 27,03:40,03:44:54,1355/2781,57,up,,
June 27,03:40,03:45:28,1507/2781,45,up,,
June 27,03:40,03:49:00,2501/2781,49,down,,
June 27,03:00,03:07:10,1997/2798,59,up,,
June 27,03:00,03:07:15,2025/2798,59,up,,
June 27,04:20,04:22:50,797/2798,51,up,,
June 27,04:20,04:27:03,1973/2798,59,up,,
June 27,04:20,04:29:57,2787/2788,50,up,,
June 27,04:20,04:29:57,2787/2788,47,up,,
June 27,04:20,04:29:57,2787/2788,52,up,,
June 27,04:00,04:01:58,541/2788,49,up,,
June 27,04:00,04:01:58,541/2788,54,up,,
June 27,04:00,04:02:22,659/2788,55,up,,
June 27,04:00,04:02:23,665/2788,46,up,,
June 27,04:00,04:04:46,1325/2788,45,up,,
June 27,04:00,04:07:01,1952/2788,45,up,,
June 27,04:00,04:07:01,1952/2788,47,up,,
June 27,04:00,04:08:59,2506/2788,47,up,,
June 27,11:50,11:50:03,11/2797,45,↻,,
June 27,11:50,11:50:03,11/2797,53,↻,,
June 27,11:50,11:50:03,11/2797,48,↻,,
June 27,11:50,11:50:57,262/2797,62,↻,,
June 27,11:50,11:52:51,797/2797,46,up,,
June 27,11:50,11:53:42,1036/2797,54,↻,,
June 27,11:50,11:54:29,1257/2797,52,↻,,
June 27,11:50,11:54:50,1354/2797,55,up,,
June 27,11:50,11:55:34,1559/2797,54,up,,
June 27,11:50,11:55:34,1559/2797,52,up,,
June 27,11:50,11:55:34,1559/2797,48,up,,
June 27,11:50,11:55:34,1559/2797,55,up,,
June 27,11:50,11:57:19,2045/2797,45,up,,
June 27,11:50,11:59:06,2550/2797,58,down,,
June 28,00:50,00:51:17,345/2806,58,up,,
June 28,00:50,00:51:47,488/2806,58,up,,
June 28,00:50,00:51:59,539/2806,65,,,
June 28,00:50,00:52:47,773/2806,50,up,,
June 28,00:50,00:53:15,899/2806,54,down,,
June 28,00:50,00:53:33,990/2806,46,down,,
June 28,00:50,00:54:02,1126/2806,50,up,,
June 28,00:50,00:55:10,1442/2806,50,up,,
June 28,00:50,00:55:10,1442/2806,47,up,,
June 28,00:50,00:57:39,2140/2806,52,up,,
June 28,00:50,00:57:42,2158/2806,50,up,,
June 28,00:00,00:02:36,715/2809,47,up,,
June 28,00:00,00:03:49,1061/2809,48,up,,
June 28,00:00,00:03:53,1080/2809,45,up,,
June 28,00:00,00:06:44,1894/2809,57,up,,
June 28,00:00,00:06:44,1894/2809,53,up,,
June 28,00:00,00:06:44,1894/2809,48,up,,
June 28,00:00,00:06:44,1894/2809,51,up,,
June 28,00:00,00:08:52,2498/2809,54,up,,
June 28,00:00,00:09:43,2729/2809,46,↻,,
June 28,00:00,00:09:43,2729/2809,54,up,,
June 28,00:00,00:09:43,2729/2809,49,up,,
June 28,00:00,00:09:51,2770/2809,46,up,,
June 28,01:20,01:20:30,142/2806,46,up,,
June 28,01:20,01:25:30,1546/2806,45,up,,
June 28,01:20,01:29:01,2536/2806,47,up,,
June 28,01:20,01:29:09,2574/2806,53,↺,,
June 28,01:20,01:29:11,2583/2806,47,up,,
June 28,01:20,01:28:58,2522/2806,50,up,,
June 28,01:10,01:11:14,325/2780,47,up,,
June 28,01:10,01:14:39,1284/2780,57,up,,
June 28,01:10,01:16:19,1755/2780,47,up,,
June 28,01:10,01:19:05,2529/2780,49,down,,
June 28,01:10,01:19:47,2729/2780,45,up,,
June 28,02:20,02:20:12,49/2804,49,down,,
June 28,02:20,02:20:12,385/2804,53,up,,
June 28,02:20,02:27:38,2137/2804,48,up,,
June 28,02:50,02:50:54,239/2799,54,up,,
June 28,02:50,02:51:35,436/2799,56,up,,
June 28,02:50,02:53:43,1033/2799,45,up,,
June 28,02:50,02:53:55,1094/2799,54,up,,
June 28,02:50,02:54:06,1143/2799,46,up,,
June 28,02:50,02:54:11,1160/2799,46,down,,
June 28,03:20,03:20:06,25/2804,57,up,,
June 28,03:20,03:22:08,593/2804,49,up,,
June 28,03:20,03:23:26,956/2804,54,up,,
June 28,03:20,03:24:42,1316/2804,51,up,,
June 28,03:20,03:24:42,1540/2804,47,up,,
June 28,03:40,03:41:35,428/2791,53,up,,
June 28,03:40,03:43:41,1021/2791,56,down,,
June 28,03:40,03:43:46,1033/2791,58,up,,
June 28,03:40,03:44:15,1178/2791,59,up,,
June 28,03:40,03:45:50,1615/2791,45,up,,
June 28,03:40,03:48:42,2426/2791,49,up,,
June 28,03:40,03:48:54,2482/2791,59,up,,
June 28,03:40,03:49:56,2776/2791,57,up,,
June 28,04:20,04:21:10,321/2804,54,up,,
June 28,04:20,04:21:12,330/2804,55,up,,
June 28,04:20,04:22:40,746/2804,47,up,,
June 28,04:20,04:22:40,746/2804,49,up,,
June 28,04:20,04:22:40,746/2804,54,up,,
June 28,04:20,04:22:41,751/2804,61,up,,
June 28,04:20,04:22:45,768/2809,52,up,,
June 28,04:20,04:22:45,768/2809,45,up,,
June 28,04:20,04:22:45,768/2809,46,up,,
June 28,04:20,04:23:54,1095/2809,49,down,,
June 28,04:20,04:27:10,2010/2804,49,up,,
June 28,04:20,04:27:10,2010/2804,46,up,,
June 28,04:20,04:27:10,2010/2804,45,up,,
June 28,04:20,04:27:13,2021/2804,47,up,,
June 28,04:20,04:27:59,2239/2804,55,up,,
June 28,04:20,04:27:59,2239/2804,57,up,,
June 28,04:50,04:50:53,242/2805,47,up,,
June 28,05:40,05:43:02,847/2808,47,down,,
June 28,05:40,05:43:02,847/2808,49,down,,
June 28,05:40,05:43:02,847/2808,54,down,,
June 28,05:40,05:43:02,847/2808,56,down,,
June 28,05:40,05:45:05,1428/2808,52,down,,
June 28,05:40,05:45:05,1428/2808,49,down,,
June 28,05:40,05:45:05,1428/2808,52,down,,
June 28,05:40,05:45:05,1428/2808,57,down,,
June 28,05:40,05:45:05,1428/2808,52,down,,
June 28,05:50,05:54:06,1432/2808,49,down,,
June 28,05:50,05:54:06,1432/2808,52,down,,
June 28,05:30,05:38:41,2431/2800,51,up,,
June 28,05:30,05:38:41,2431/2800,57,up,,
June 28,05:30,05:38:41,2431/2800,55,up,,
June 28,05:30,05:38:41,2431/2800,57,up,,
June 28,05:30,05:38:48,2463/2800,47,up,,
June 28,05:30,05:38:48,2463/2800,47,up,,
June 28,05:30,05:38:52,2485/2800,50,up,,
June 28,05:30,05:38:52,2485/2800,44,up,,
June 28,05:30,05:39:11,2574/2800,45,up,,
June 28,05:30,05:39:11,2574/2800,45,up,,
June 28,05:30,05:39:11,2574/2800,45,up,,
June 28,05:30,05:39:11,2574/2800,49,up,,
June 28,21:30,21:38:39,2423/2805,79,up,otter,
June 28,22:40,22:49:09,1137/2793,48,up,,
June 29,00:00,00:05:58,1671/2799,48,up,,
June 29,00:00,00:07:32,2120/2790,48,up,,
June 29,00:50,00:54:56,1376/2793,50,up,,
June 29,00:50,00:55:25,1512/2793,53,up,,
June 29,00:50,00:55:45,1609/2793,46,up,,
June 29,00:50,00:57:59,2228/2793,46,up,,
June 29,00:50,00:59:35,2676/2793,48,up,,
June 29,01:50,01:50:52,234/2806,50,up,,
June 29,01:50,01:51:40,470/2806,56,up,,
June 29,01:50,01:51:45,492/2806,55,up,,
June 29,01:50,01:52:18,643/2806,52,up,,
June 29,01:50,01:52:18,646/2806,54,up,,
June 29,01:50,01:53:27,967/2806,45,up,,
June 29,01:50,01:53:52,1088/2806,49,up,,
June 29,01:50,01:56:04,1709/2806,55,up,,
June 29,01:50,01:57:13,2031/2806,46,up,,
June 29,01:50,01:57:20,2060/2806,47,up,,
June 29,01:50,01:57:21,2065/2806,59,up,,
June 29,01:00,01:02:18,635/2797,45,up,,
June 29,01:00,01:02:34,703/2797,59,up,,
June 29,01:00,01:03:05,855/2797,45,up,,
June 29,01:00,01:03:22,935/2797,46,up,,
June 29,01:00,01:03:34,984/2797,47,up,,
June 29,01:00,01:04:17,1194/2797,45,up,,
June 29,01:00,01:05:24,1507/2797,45,down,,
June 29,01:00,01:05:36,1562/2797,50,up,,
June 29,01:00,01:08:42,2436/2797,46,up,,
June 29,01:00,01:09:26,2637/2797,45,up,,
June 29,02:20,02:21:34,446/2816,49,up,,
June 29,02:20,02:23:54,1097/2816,54,up,,
June 29,02:20,02:24:32,1274/2816,54,up,,
June 29,02:20,02:24:49,1354/2816,56,up,,
June 29,02:20,02:25:25,1521/2816,49,up,,
June 29,02:20,02:29:50,2768/2816,53,up,,
June 29,02:40,02:43:13,905/2803,48,up,,
June 29,02:40,02:44:09,1167/2803,49,up,,
June 29,02:40,02:45:41,1594/2803,50,up,,
June 29,02:40,02:45:53,1654/2803,54,up,,
June 29,02:40,02:46:34,1853/2803,49,down,,
June 29,02:40,02:47:02,1980/2803,49,↻,,
June 29,02:40,02:49:34,2691/2803,70,down,otter,
June 29,03:00,03:01:39,457/2781,57,up,,
June 29,03:00,03:02:43,753/2781,59,up,,
June 29,03:00,03:05:31,1539/2781,72,up,,
June 29,03:00,03:06:59,1953/2781,53,up,,
June 29,03:00,03:07:25,2069/2781,53,up,,
June 29,03:00,03:09:09,2551/2781,57,up,,
June 29,03:00,03:09:09,2551/2781,56,up,,
June 29,03:40,03:41:35,433/2793,45,down,,
June 29,03:40,03:44:03,1120/2793,58,up,,
June 29,03:40,03:49:22,2613/2793,51,up,,
June 29,04:50,04:51:36,445/2788,48,up,,
June 29,04:50,04:51:36,445/2788,48,up,,
June 29,04:50,04:51:36,445/2788,53,up,,
June 29,04:10,04:11:25,388/2788,54,up,,
June 29,04:10,04:11:25,388/2788,49,up,,
June 29,04:10,04:13:05,860/2788,48,up,,
June 29,04:10,04:13:05,860/2788,45,up,,
June 29,04:10,04:14:48,1192/2788,46,up,,
June 29,04:10,04:14:38,1286/2788,48,down,,
June 29,04:10,04:14:38,1286/2788,45,down,,
June 29,04:10,04:14:49,1329/2788,45,up,,
June 29,04:10,04:14:49,1329/2788,56,up,,
June 29,04:10,04:14:49,1329/2788,57,up,,
June 29,04:10,04:16:33,1816/2788,50,up,,
June 29,04:10,04:16:33,1820/2788,46,up,,
June 29,04:10,04:16:33,1820/2788,48,up,,
June 29,04:10,04:17:50,2180/2788,46,up,,
June 29,04:10,04:18:39,2408/2788,66,up,,
June 29,04:10,04:18:39,2408/2788,51,up,,
June 29,04:10,04:18:39,2408/2788,49,up,,
June 29,23:20,23:22:01,555/2797,51,up,,
June 29,23:20,23:22:01,555/2797,45,up,,
June 29,23:20,23:22:01,555/2797,45,up,,
June 29,23:50,23:56:17,1757/2807,45,up,,
June 29,23:50,23:56:17,1757/2807,48,up,,
June 29,23:50,23:56:17,1757/2807,47,up,,
June 29,23:50,23:57:44,2165/2807,45,up,,
June 29,23:50,23:57:44,2165/2807,46,up,,
June 29,23:50,23:57:44,2169/2807,53,up,,
June 29,23:50,23:57:50,2198/2807,47,up,,
June 30,00:30,00:30:32,133/2797,47,up,,
June 30,00:30,00:31:33,423/2797,47,up,,
June 30,00:20,00:20:48,224/2802,47,up,,
June 30,00:20,00:22:20,654/2802,56,up,,
June 30,00:20,00:22:58,833/2802,59,up,,
June 30,00:20,00:23:02,852/2802,48,up,,
June 30,00:20,00:24:44,1325/2802,60,up,,
June 30,00:20,00:28:45,2448/2802,53,up,,
June 30,01:00,01:03:33,1000/2807,45,up,,
June 30,01:00,01:04:01,1126/2807,54,up,,
June 30,01:00,01:05:38,1588/2807,54,up,,
June 30,01:00,01:05:56,1675/2807,56,up,,
June 30,01:00,01:06:15,1756/2807,53,up,,
June 30,01:00,01:06:48,1915/2807,45,up,,
June 30,01:00,01:07:56,2237/2807,53,up,,
June 30,01:00,01:08:43,2451/2807,71,up,otter,
June 30,01:00,01:08:57,2515/2807,47,up,,
June 30,01:30,01:37:23,2092/2808,47,up,,
June 30,01:30,01:38:39,2428/2808,51,up,,
June 30,01:30,01:39:01,2535/2808,57,up,,
June 30,02:30,02:36:11,1688/2749,57,up,,
June 30,02:30,02:38:54,2448/2749,52,up,,
June 30,02:30,02:39:41,2662/2749,50,up,,
June 30,02:40,02:43:17,915/2806,48,up,,
June 30,02:40,02:45:40,1590/2806,55,up,,
June 30,02:40,02:48:04,2267/2806,49,up,,
June 30,03:50,03:52:39,740/2808,51,up,,
June 30,03:50,03:53:11,894/2808,47,up,,
June 30,03:50,03:54:54,1367/2808,47,up,,
June 30,03:50,03:58:06,2270/2808,51,up,,
June 30,03:50,03:58:12,2302/2808,54,up,,
June 30,03:50,03:58:12,2302/2808,45,up,,
June 30,03:20,03:25:07,1422/2784,54,up,,
June 30,03:20,03:25:52,1628/2784,49,up,,
June 30,03:20,03:27:17,2027/2784,45,up,,
June 30,04:40,04:43:56,1083/2784,51,up,,
June 30,04:40,04:44:35,1267/2784,54,up,,
June 30,04:40,04:44:35,1267/2784,53,up,,
June 30,04:40,04:44:53,1354/2784,45,down,,
June 30,04:40,04:44:53,1354/2784,51,down,,
June 30,04:40,04:44:57,1374/2784,55,down,,
June 30,04:40,04:45:00,1385/2784,54,up,,
June 30,04:40,04:45:01,1390/2784,54,up,,
June 30,04:40,04:45:03,1401/2784,56,up,,
June 30,04:40,04:45:07,1417/2784,52,down,,
June 30,04:40,04:45:09,1425/2784,51,up,,
June 30,04:40,04:45:11,1433/2784,52,down,,
June 30,04:40,04:45:12,1436/2784,52,down,,
June 30,04:30,04:32:18,634/2800,55,up,,
June 30,04:30,04:35:42,1590/2800,52,up,,
June 30,05:00,05:01:52,522/2811,46,up,,
June 30,05:00,05:01:52,522/2811,45,up,,
June 30,05:00,05:08:37,2422/2811,51,up,,
June 30,05:20,05:24:09,1143/2780,86,down,otter,
June 30,05:20,05:24:44,1311/2780,88,up,otter,
June 30,05:20,05:25:57,1646/2780,53,down,,
June 30,05:20,05:25:57,1646/2780,45,down,,
June 30,05:20,05:28:23,2324/2780,69,up,,
June 30,20:00,20:04:06,1136/2773,73,down,,
June 30,20:00,20:04:34,1259/2773,73,↻,,
June 30,21:30,21:36:29,1802/2790,blob,down,,
June 30,23:00,23:04:33,1259/2774,66,up,,
June 30,23:30,23:31:29,419/2802,59,up,,
June 30,23:30,23:34:32,1272/2802,49,up,,
June 30,23:30,23:35:27,1520/2802,45,up,,
June 30,23:30,23:35:27,1520/2802,57,up,,
June 30,23:30,23:35:27,1520/2802,49,up,,
June 30,23:30,23:35:27,1520/2802,45,up,,
June 30,23:30,23:35:30,1532/2802,59,up,,
June 30,23:30,23:35:30,1532/2802,45,up,,
June 30,23:30,23:35:30,1532/2802,48,up,,
June 30,23:30,23:35:30,1532/2802,47,up,,
June 30,23:30,23:35:31,1540/2802,49,up,,
June 30,23:30,23:35:31,1540/2802,48,up,,
June 30,23:30,23:35:31,1540/2802,52,up,,
June 30,23:30,23:35:31,1540/2802,45,up,,
June 30,23:30,23:35:33,1549/2802,49,up,,
June 30,23:30,23:35:35,1557/2802,48,up,,
June 30,23:30,23:35:35,1557/2802,47,up,,
July 1,00:10,00:11:15,348/2784,54,up,,
July 1,00:10,00:11:18,365/2784,49,down,,
July 1,00:10,00:11:26,404/2784,52,up,,
July 1,00:10,00:11:30,423/2784,52,up,,
July 1,00:10,00:12:08,593/2784,45,up,,
July 1,00:10,00:12:33,715/2784,48,up,,
July 1,00:10,00:13:05,859/2789,54,up,,
July 1,00:10,00:13:27,963/2789,52,up,,
July 1,00:10,00:16:35,1842/2789,56,up,,
July 1,00:10,00:19:49,2734/2789,69,up,,
July 1,00:20,00:21:43,470/2776,47,up,,
July 1,00:20,00:24:16,1182/2776,58,up,,
July 1,00:20,00:26:29,1795/2776,53,up,,
July 1,00:20,00:29:12,2551/2776,53,up,,
July 1,01:20,01:23:05,850/2779,51,up,,
July 1,01:20,01:25:06,1401/2779,55,up,,
July 1,01:20,01:26:12,1716/2779,58,up,,
July 1,01:20,01:29:02,2503/2719,47,up,,
July 1,01:00,01:00:11,44/2795,53,up,,
July 1,01:00,01:03:30,976/2795,53,up,,
July 1,01:00,01:03:54,1088/2795,45,up,,
July 1,01:00,01:05:15,1483/2795,51,up,,
July 1,01:00,01:05:43,1596/2795,47,up,,
July 1,01:00,01:05:47,1613/2795,53,up,,
July 1,01:00,01:06:49,1904/2795,46,up,,
July 1,01:00,01:06:54,1925/2795,54,up,,
July 1,01:00,01:07:26,2076/2795,51,up,,
July 1,01:00,01:08:45,2438/2795,46,up,,
July 1,02:10,02:12:11,609/2770,58,up,,
July 1,02:10,02:12:20,653/2770,54,↻,,
July 1,02:10,02:12:39,741/2770,52,up,,
July 1,02:10,02:13:24,944/2770,52,up,,
July 1,02:10,02:14:13,1165/2770,46,up,,
July 1,02:10,02:14:53,1357/2770,53,up,,
July 1,02:10,02:15:45,1597/2770,49,up,,
July 1,02:10,02:18:29,2349/2770,45,up,,
July 1,02:00,02:01:22,376/2779,49,↻,,
July 1,02:00,02:01:34,432/2779,45,down,,
July 1,02:00,02:01:45,485/2779,54,up,,
July 1,02:00,02:02:33,708/2779,56,up,,
July 1,02:00,02:03:16,905/2779,60,up,,
July 1,02:00,02:07:07,1984/2779,60,down,,
July 1,02:00,02:07:35,2113/2779,59,up,,
July 1,03:00,03:03:20,909/2774,54,up,,
July 1,03:00,03:06:20,1755/2774,51,up,,
July 1,03:00,03:06:48,1877/2774,51,up,,
July 1,03:00,03:08:59,2495/2774,52,up,,
July 1,03:10,03:18:34,2390/2792,55,up,,
July 1,03:10,03:19:21,2612/2792,49,up,,
July 1,04:10,04:11:30,415/2796,49,up,,
July 1,04:10,04:11:31,420/2796,56,up,,
July 1,04:10,04:12:07,582/2796,57,up,,
July 1,04:10,04:17:29,2084/2796,52,up,,
July 1,04:10,04:17:41,2145/2796,57,up,,
July 1,04:10,04:17:41,2145/2796,50,up,,
July 1,04:10,04:17:44,2157/2796,49,up,,
July 1,04:10,04:17:47,2171/2796,50,up,,
July 1,04:10,04:17:47,2171/2796,49,up,,
July 1,04:10,04:18:55,2491/2796,50,up,,
July 1,04:30,04:31:32,421/2781,56,up,,
July 1,04:30,04:31:32,421/2781,52,up,,
July 1,04:30,04:31:32,421/2781,52,up,,
July 1,04:30,04:31:32,421/2781,47,up,,
July 1,04:30,04:35:42,1579/2781,52,up,,
July 1,04:30,04:36:04,1683/2781,51,up,,
July 1,04:30,04:36:04,1683/2781,52,up,,
July 1,04:30,04:37:37,2122/2781,45,up,,
July 1,04:30,04:37:47,2166/2781,54,up,,
July 1,04:30,04:37:58,2209/2781,51,down,,
July 1,04:30,04:37:58,2209/2781,51,down,,
July 1,04:30,04:37:58,2209/2781,45,down,,
July 1,04:30,04:37:58,2209/2781,46,down,,
July 1,04:30,04:38:44,2431/2781,58,up,,
July 1,04:30,04:38:44,2431/2781,48,up,,
July 1,04:30,04:38:44,2431/2781,48,up,,
July 1,04:30,04:38:44,2431/2781,49,up,,
July 1,05:10,05:10:52,234/2789,57,up,,
July 1,05:10,05:11:18,350/2789,60,down,,
July 1,05:10,05:11:18,350/2789,54,down,,
July 1,05:10,05:11:18,350/2789,60,down,,
July 1,05:10,05:11:18,350/2789,49,down,,
July 1,05:10,05:18:29,2364/2789,53,up,,
July 1,05:10,05:18:29,2364/2789,55,up,,
July 1,05:10,05:18:29,2364/2789,56,up,,
July 1,23:10,23:18:05,2254/2790,50,up,,
July 2,00:30,00:33:38,1018/2801,52,up,,
July 2,00:30,00:34:11,1175/2801,48,up,,
July 2,00:20,00:21:37,444/2795,52,up,,
July 2,00:20,00:24:07,1147/2795,48,up,,
July 2,00:20,00:24:25,1234/2795,51,up,,
July 2,00:20,00:26:28,1801/2795,48,up,,
July 2,00:20,00:27:06,1977/2795,51,up,,
July 2,00:20,00:29:06,2638/2795,47,up,,
July 2,01:30,01:31:32,415/2783,47,up,,
July 2,01:30,01:34:15,1179/2783,51,up,,
July 2,01:30,01:34:14,1452/2783,50,up,,
July 2,01:30,01:38:33,2380/2783,50,up,,
July 2,01:30,01:39:12,2557/2783,51,up,,
July 2,01:30,01:39:16,2578/2783,45,up,,
July 2,01:10,01:10:44,203/2795,49,up,,
July 2,01:10,01:11:41,469/2795,54,up,,
July 2,01:10,01:11:49,506/2795,53,up,,
July 2,01:10,01:14:03,1127/2795,54,up,,
July 2,01:10,01:14:03,1127/2795,58,up,,
July 2,01:10,01:14:41,1311/2795,57,down,,
July 2,01:10,01:15:07,1430/2795,53,up,,
July 2,01:10,01:15:07,1430/2795,47,up,,
July 2,01:10,01:15:45,1607/2795,47,up,,
July 2,01:10,01:17:25,2065/2795,49,up,,
July 2,01:10,01:18:25,2348/2795,56,up,,
July 2,01:10,01:19:49,2741/2795,50,up,,
July 2,02:30,02:30:16,67/2760,46,up,,
July 2,02:30,02:33:36,1005/2760,52,up,,
July 2,02:30,02:34:02,1127/2760,54,up,,
July 2,02:30,02:34:09,1161/2760,53,up,,
July 2,02:30,02:36:30,1802/2760,52,up,,
July 2,02:30,02:37:01,1937/2760,45,up,,
July 2,02:30,02:38:08,2245/2760,49,up,,
July 2,02:50,02:55:55,1650/2760,57,up,,
July 2,03:30,03:31:21,361/2749,52,up,,
July 2,03:30,03:36:00,1738/2749,45,down,,
July 2,03:00,03:01:03,291/2803,58,up,,
July 2,03:00,03:01:41,470/2803,51,down,,
July 2,03:00,03:04:42,1310/2803,65,up,,
July 2,03:00,03:05:05,1426/2803,58,up,,
July 2,03:00,03:05:08,1439/2803,54,down,,
July 2,03:00,03:08:47,2465/2803,50,up,,
July 2,04:30,04:31:45,477/2790,50,up,,
July 2,04:30,04:32:17,631/2790,46,up,,
July 2,04:30,04:39:07,2552/2790,61,up,,
July 2,04:30,04:39:13,2577/2790,45,up,,
July 2,04:30,04:39:14,2580/2790,45,up,,
July 2,04:30,04:39:18,2596/2790,55,up,,
July 2,04:30,04:39:45,2725/2790,48,up,,
July 2,04:00,04:02:33,712/2763,49,NA,,
July 2,04:00,04:05:02,1393/2763,58,NA,,
July 2,04:00,04:07:22,2027/2763,48,NA,,
July 2,04:00,04:07:45,2142/2763,57,NA,,
July 2,05:20,05:21:37,448/2755,45,NA,,
July 2,05:20,05:21:37,448/2755,48,NA,,
July 2,05:20,05:21:37,448/2755,45,NA,,
July 2,05:20,05:21:37,448/2755,47,NA,,
July 2,05:00,05:00:58,267/2798,58,up,,
July 2,05:00,05:00:58,267/2798,54,up,,
July 2,05:00,05:06:50,1911/2798,54,up,,
July 2,23:10,23:16:22,1725/2743,55,up,,
July 2,23:10,23:16:22,1725/2743,51,up,,
July 2,23:10,23:16:22,1725/2743,57,up,,
July 2,23:00,23:09:41,2706/2788,55,up,,
July 2,23:00,23:09:41,2706/2788,49,up,,
July 2,23:00,23:09:41,2706/2788,50,up,,
July 2,23:00,23:09:41,2706/2788,48,up,,
July 2,23:00,23:09:41,2706/2788,46,up,,
July 2,23:00,23:09:41,2706/2788,56,up,,
July 2,23:00,23:09:41,2706/2788,47,up,,
July 2,23:00,23:09:41,2706/2788,54,up,,
July 2,23:00,23:09:41,2706/2788,42,up,,
July 2,23:00,23:09:41,2706/2788,48,up,,
August 10,00:30,00:30:01,1/2794,92,up,,
August 10,00:30,00:30:45,206/2794,65,up,,
August 10,01:50,01:56:53,1930/2806,93,down,,
August 10,02:10,02:17:30,2103/2800,69,up,,
August 10,03:00,03:07:29,2112/2812,67,up,,
August 10,05:30,05:36:56,1949/2814,65,up,,
August 10,05:30,05:38:50,2481/2814,66,up,,
August 10,06:20,06:24:34,1277/2788,67,up,,
August 10,07:00,07:03:02,855/2809,97,up,,
August 10,07:07,07:07:13,2026/2809,92,up,,
August 10,08:20,08:22:51,798/2803,73,up,,
August 10,08:20,08:29:04,2546/2803,69,up,,