Date,Timefile,Time,Frame,Size (cm),Direction,Notes
June 13,11:00,11:08:01,2246/2795,55,up,
June 13,13:00,13:05:03,1360/2742,73,down,
June 13,16:30,16:38:20,2308/2767,53,down,
June 13,17:00,17:07:16,2025/2786,44,up,
June 13,17:50,17:57:45,2127/2755,49,down,
June 14,07:20,07:27:38,2085/2733,50,down,
June 14,07:20,07:27:38,2085/2733,48,down,
June 14,07:20,07:27:38,2085/2733,43,down,
June 14,07:20,07:27:38,2085/2733,44,down,
June 14,07:20,07:27:38,2085/2733,54,down,
June 14,07:20,07:27:38,2085/2733,54,down,
June 14,07:20,07:27:38,2085/2733,57,down,
June 14,07:40,07:43:48,982/2709,35,up/down ↻,
June 14,07:40,07:43:48,982/2709,47,up/down ↻,
June 14,07:40,07:43:48,982/2709,47,up/down ↻,
June 14,07:40,07:43:48,982/2709,55,up/down ↻,
June 14,07:40,07:43:48,982/2709,31,up/down ↻,
June 14,08:40,08:43:14,867/2772,44,down,
June 14,08:40,08:43:14,867/2772,49,down,
June 14,08:40,08:43:14,867/2772,61,down,
June 14,08:40,08:43:14,867/2772,62,down,
June 14,08:40,08:43:14,867/2772,67,down,
June 14,08:40,08:43:52,1052/2772,40,↻,
June 14,08:40,08:43:52,1052/2772,37,↻,
June 14,08:40,08:43:52,1052/2772,55,↻,
June 14,08:40,08:43:52,1052/2772,53,↻,
June 14,08:40,08:43:52,1052/2772,65,↻,
June 14,08:40,08:47:41,2124/2772,56,↻,
June 14,08:40,08:47:41,2124/2772,54,↻,
June 14,08:40,08:47:41,2124/2772,68,↻,
June 14,08:40,08:47:41,2124/2772,49,↻,
June 14,08:40,08:49:39,2672/2772,49,↻,
June 14,08:40,08:49:39,2672/2772,64,↻,
June 14,09:00,09:01:48,427/2698,51,up,
June 14,09:00,09:01:48,427/2698,47,up,
June 14,09:00,09:01:48,427/2698,41,up,
June 14,09:00,09:01:48,427/2698,47,up,
June 14,09:00,09:09:35,2589/2698,46,↻,
June 14,09:00,09:09:35,2589/2698,57,↻,
June 14,09:00,09:09:35,2589/2698,37,↻,
June 14,09:00,09:09:35,2589/2698,50,↻,
June 14,09:00,09:09:35,2589/2698,61,↻,
June 14,09:50,09:59:44,2711/2786,64,↻,
June 14,09:50,09:59:44,2711/2786,53,↻,
June 14,09:50,09:59:44,2711/2786,42,↻,
June 14,09:50,09:59:44,2711/2786,60,↻,
June 14,09:50,09:59:44,2711/2786,59,↻,
June 14,10:50,10:50:58,248/2752,50,↻,
June 14,10:50,10:50:58,248/2752,40,↻,
June 14,10:40,10:43:13,860/2743,50,↻,
June 14,10:40,10:43:13,860/2743,49,↻,
June 14,10:40,10:43:13,860/2743,42,↻,
June 14,10:40,10:43:13,860/2743,59,↻,
June 14,10:40,10:43:13,860/2743,43,↻,
June 14,11:20,11:20:23,84/2771,47,↻,
June 14,11:20,11:20:23,84/2771,48,↻,
June 14,11:20,11:20:23,84/2771,48,↻,
June 14,11:20,11:20:23,84/2771,50,↻,
June 14,11:20,11:20:23,84/2771,54,↻,
June 14,11:20,11:28:19,2299/2771,46,↻,
June 14,11:20,11:28:19,2299/2771,38,↻,
June 14,11:20,11:28:19,2299/2771,47,↻,
June 14,11:00,11:02:31,639/2742,49,↻,
June 14,11:00,11:02:31,639/2742,43,↻,
June 14,11:00,11:02:31,639/2742,40,↻,
June 14,11:00,11:02:31,639/2742,46,↻,
June 14,11:00,11:06:03,1635/2742,44,↻,
June 14,11:00,11:06:03,1635/2742,55,↻,
June 14,11:00,11:06:03,1635/2742,42,↻,
June 14,11:00,11:06:03,1635/2742,45,↻,
June 18,08:20,08:27:54,2220/2817,43,↻,
June 18,11:20,11:28:19,2299/2771,48,↻,
June 18,18:30,18:39:30,2708/2850,43,DS,
June 18,18:40,18:42:36,736/2843,79,DS,
June 18,19:20,19:22:44,773/2855,63,DS,
June 19,07:10,07:10:11,41/2847,59,↻,
June 19,07:10,07:10:11,41/2847,41,↻,
June 19,07:10,07:10:11,41/2847,43,↻,
June 19,07:10,07:14:48,1357/2847,46,up,
June 19,07:10,07:14:48,1357/2847,48,up,
June 19,07:10,07:14:48,1357/2847,52,up,
June 19,07:10,07:14:48,1357/2847,37,up,
June 19,07:10,07:14:48,1357/2847,36,up,
June 19,07:10,07:14:48,1357/2847,41,up,
June 19,07:10,07:14:48,1357/2847,41,up,
June 19,07:10,07:14:48,1357/2847,46,up,
June 19,08:20,08:25:07,1463/2857,54,up,
June 19,08:20,08:25:07,1463/2857,60,up,
June 19,08:20,08:25:58,1707/2857,42,up,
June 19,08:20,08:25:58,1707/2857,49,up,
June 19,08:20,08:25:58,1707/2857,50,up,
June 19,08:20,08:25:58,1707/2857,39,up,
June 19,08:20,08:25:58,1707/2857,52,up,
June 19,08:20,08:25:58,1707/2857,65,up,
June 19,08:20,08:25:58,1707/2857,58,up,
June 19,08:20,08:25:58,1707/2857,49,up,
June 19,08:20,08:25:58,1707/2857,40,up,
June 19,08:20,08:25:58,1707/2857,44,up,
June 19,08:20,08:25:58,1707/2857,40,up,
June 19,10:50,10:59:26,2675/2835,50,↻,
June 19,12:50,12:56:32,1856/2849,50,up,
June 19,12:50,12:56:32,1856/2849,56,up,
June 19,13:30,13:31:41,474/2855,43,up,
June 19,15:20,15:27:02,1971/2813,65,up,
June 19,16:40,16:40:36,158/2721,44,up,
June 19,16:40,16:40:36,158/2721,64,up,
June 19,16:40,16:46:53,1846/2721,54,DS,
June 19,16:40,16:46:53,1846/2721,56,DS,
June 19,16:40,16:48:08,2194/2721,44,up,
June 19,16:40,16:48:08,2194/2721,63,up,
June 19,16:40,16:48:08,2194/2721,45,up,
June 19,16:30,16:34:02,1148/2855,52,DS,
June 19,16:30,16:34:02,1148/2855,45,DS,
June 19,16:30,16:37:25,2114/2855,50,↻,
June 19,16:30,16:37:25,2114/2855,47,↻,
June 19,17:50,17:52:08,585/2792,54,up,
June 19,17:50,17:52:08,585/2792,40,up,
June 19,17:50,17:52:08,585/2792,57,up,
June 19,17:50,17:52:08,585/2792,37,up,
June 19,18:10,18:13:43,1053/2853,44,↻,
June 19,18:10,18:13:43,1053/2853,55,↻,
June 19,18:10,18:13:43,1053/2853,50,↻,
June 19,18:10,18:19:56,2836/2853,57,↻,
June 19,18:10,18:19:56,2836/2853,41,↻,
June 19,18:10,18:19:56,2836/2853,51,↻,
June 19,18:10,18:19:56,2836/2853,,↻,
June 19,19:50,19:56:12,-1000/0000,30-50,DS,*
June 19,19:40,19:40:13,52/2846,40,DS,
June 19,19:40,19:40:13,245/2846,58,DS,
June 19,19:40,19:40:13,245/2846,61,DS,
June 19,19:40,19:40:13,245/2846,43,DS,
June 19,19:40,19:40:13,245/2846,38,DS,
June 19,19:40,19:40:13,245/2846,41,DS,
June 19,19:40,19:40:13,245/2846,41,DS,
June 19,19:40,19:40:13,245/2846,65,DS,
June 19,19:40,19:40:13,245/2846,49,DS,
June 19,19:40,19:40:54,245/2846,43,up,
June 19,19:40,19:40:54,245/2846,57,up,
June 19,19:40,19:40:54,245/2846,38,up,
June 19,19:40,19:40:54,245/2846,54,up,
June 19,19:40,19:40:54,245/2846,"""+ 2 small sockeye",up,
June 19,19:40,19:41:56,541/2946,49,up,
June 19,19:40,19:41:56,541/2946,50,up,
June 19,19:40,19:41:56,541/2946,46,up,
June 19,19:40,19:41:56,541/2946,,up,
June 20,07:40,07:41:47,505/2833,40,up,
June 20,07:40,07:41:47,505/2833,51,up,
June 20,07:40,07:41:47,505/2833,50,up,
June 20,07:40,07:41:47,505/2833,55,up,
June 20,07:40,07:41:47,505/2833,48,up,
June 20,07:40,07:41:47,505/2833,41,up,
June 20,07:40,07:41:47,505/2833,41,up,
June 20,09:40,09:42:52,805/2824,40,up,
June 20,09:40,09:42:52,805/2824,38,up,
June 20,09:40,09:42:52,805/2824,54,up,
June 20,10:20,-1000/0000,,~30-50 cm,up,*
June 20,10:40,-1000/0000,,30-50 cm,up,*
June 20,10:40,10:49:40,2741/2832,57,up,
June 20,11:20,11:21:38,455/2814,64,up,
June 20,14:30,14:30:08,30/2845,5 fish 30-50,up,*
June 20,14:30,14:34:04,1156/2845,108,up,
June 20,14:20,14:29:49,2803/2853,51,DS,
June 20,14:20,14:29:49,2803/2853,54,up,
June 20,14:20,14:29:49,2803/2853,58,up,
June 20,14:20,14:29:49,2803/2853,35,up,
June 20,14:20,14:29:49,2803/2853,56,up,
June 20,18:00,18:02:37,737/2823,45,up,
June 20,18:00,18:04:12,1176/2823,42,up,
June 21,07:30,07:39:11,2587/2813,50,up,
June 21,09:20,09:26:02,1704/2803,46,up,
June 21,09:20,09:26:02,1704/2803,52,,
June 21,09:20,09:26:02,1704/2803,40,,
June 21,09:20,09:26:02,1704/2803,47,,
June 21,09:20,09:26:02,1704/2803,41,,
June 21,11:10,-1000/0000,,30-50 cm,up,*
June 21,12:30,12:31:58,547/2808,46,↻,
June 21,12:30,12:31:58,547/2808,55,↻,
June 21,14:20,14:27:34,2142/2825,48,up,
June 21,14:20,14:27:34,2142/2825,58,up,
June 21,15:17,15:16:55,1941/2815,44,up,
June 21,15:17,15:16:55,1941/2815,64,up,
June 21,15:17,15:16:55,1941/2815,38,up,
June 21,15:17,15:16:55,1941/2815,45,up,
June 21,15:17,15:16:55,1941/2815,71,up,
June 21,15:17,15:16:55,1941/2815,54,up,
June 21,15:17,15:16:55,1941/2815,51,up,
June 21,15:17,15:16:55,1941/2815,40,up,
June 21,15:17,15:16:55,1941/2815,45,up,
June 21,15:17,15:16:55,1941/2815,48,up,
June 21,15:30,15:16:55,-1000/0000,30-50 cm,↻,*
June 22,11:20,11:25:53,1678/2843,38,DS,
June 22,11:20,11:25:53,1678/2843,46,DS,
June 22,11:50,11:53:24,950/2814,48,DS,
June 22,11:50,11:53:24,950/2814,59,DS,
June 22,14:40,14:40:14,-1000/0000,40-55,up,*
July 3,00:00,12:00:02,6/2771,44,up,
July 3,00:00,12:00:02,7/2771,60,up,
July 3,00:00,12:00:05,20/2771,48,up,
July 3,00:00,12:00:33,144/2771,55,up,
July 3,00:00,12:00:50,225/2771,51,up,
July 3,00:00,12:01:30,411/2771,41,up,
July 3,00:00,12:02:25,666/2771,53,up,
July 3,00:00,12:04:24,1204/2771,41,up,
July 3,00:00,12:06:09,1694/2771,46,up,
July 3,00:00,12:06:43,1855/2771,57,up,
July 3,00:00,12:07:11,1979/2771,49,up,
July 3,00:50,12:56:12,1718/2753,53,up,
July 3,00:50,12:57:06,1955/2753,42,up,
July 3,00:50,12:57:14,1990/2753,45,up,
July 3,01:20,01:23:13,882/2774,48,up,
July 3,01:20,01:27:27,2059/2774,45,up,
July 3,01:20,01:29:49,2727/2774,56,up,
July 3,01:30,01:26:16,1726/2770,57,up,
July 3,01:30,01:36:26,1777/2770,40,up,
July 3,02:20,02:20:56,260/2776,54,up,
July 3,02:20,02:23:05,852/2776,47,up,
July 3,02:20,02:28:41,2409/2776,49,up,
July 3,02:10,02:18:35,2394/2793,56,up,
July 3,03:20,03:20:34,156/2791,58,up,
July 3,03:20,03:21:41,466/2791,60,up,
July 3,03:20,03:24:07,1159/2791,52,up,
July 3,03:20,03:24:08,1163/2791,60,DS,
July 3,03:20,03:25:48,1614/2791,58,up,
July 3,03:20,03:28:26,2355/2791,49,up,
July 3,03:50,03:54:33,1258/2782,48,up,
July 3,03:50,03:56:43,1862/2782,57,up,
July 3,03:50,03:56:56,1928/2782,48,up,
July 3,03:50,03:57:18,2034/2782,46,up,
July 3,03:50,03:58:38,2405/2782,78,up,
July 3,04:10,04:10:11,50/2789,47,up,
July 3,04:10,04:10:22,102/2789,52,up,
July 3,04:10,04:11:27,405/2789,48,up,
July 3,04:10,04:15:17,1467/2789,50,up,
July 3,04:10,04:15:17,1467/2789,50,up,
July 3,04:10,04:17:51,2192/2789,59,up,
July 3,04:10,04:18:32,2382/2789,56,up,
July 3,04:00,04:03:06,863/2781,50,up,
July 3,04:00,04:03:34,993/2781,55,up,
July 3,04:00,04:07:26,2057/2781,48,up,
July 3,04:00,04:09:06,2535/2781,59,up,
July 3,05:00,05:00:12,44/2791,52,up,
July 3,05:00,05:00:33,143/2791,45,up,
July 3,05:00,05:01:36,437/2791,49,up,
July 3,05:00,05:01:36,437/2791,40,up,
July 3,05:00,05:06:42,1869/2791,58,up,
July 3,05:00,05:09:03,2528/2791,57,up,
July 3,11:50,11:56:00,-1000/0000,,↻,
July 3,12:30,12:35:14,1463/2799,87,up,
July 3,14:20,14:21:36,-1000/0000,10-60 cm,DS,
July 3,14:30,14:30:47,218/2779,60,up,
July 3,14:30,14:30:47,218/2779,49,up,
July 3,14:30,14:30:47,218/2779,47,up,
July 3,14:30,14:30:47,218/2779,55,up,
July 3,14:30,14:30:47,218/2779,40,up,
July 3,14:30,14:30:47,218/2779,47,up,
July 3,14:30,14:30:47,218/2779,56,up,
July 3,22:50,22:55:28,1503/2552,49,DS,
July 3,22:50,22:55:28,1503/2552,50,DS,
July 3,22:50,22:55:28,1503/2552,44,DS,
July 3,22:50,22:55:28,1503/2552,60,DS,
July 3,22:50,22:55:28,1503/2552,50,DS,
July 3,22:50,22:55:28,1503/2552,40,DS,
July 3,22:50,22:55:28,1503/2552,40,DS,
July 3,22:50,22:57:50,2016/2552,60,up,
July 3,22:50,22:57:50,2016/2552,40,up,
July 3,22:50,22:57:50,2016/2552,46,up,
July 3,22:50,22:57:50,2016/2552,53,up,
July 3,22:50,22:57:50,2016/2552,49,up,
July 3,22:50,22:57:50,2016/2552,57,up,
July 3,22:50,22:57:50,2016/2552,54,up,
July 3,22:50,22:57:50,2016/2552,49,up,
July 3,22:50,22:57:50,2016/2552,41,up,
July 3,22:50,22:57:50,2016/2552,60,up,
July 3,22:50,22:59:09,2315/2552,47,DS,
July 3,22:50,22:59:09,2315/2552,47,DS,
July 3,22:50,22:59:09,2315/2552,36,DS,
July 3,22:50,22:59:09,2315/2552,46,DS,
July 3,22:50,22:59:09,2315/2552,35,DS,
July 3,22:50,22:59:09,2315/2552,69,DS,
July 3,22:50,22:59:09,2315/2552,44,DS,
July 3,22:50,22:59:09,2315/2552,55,DS,
July 3,23:50,23:52:35,721/2795,49,up,
July 3,23:50,23:55:18,1492/2795,66,up,
July 3,23:50,23:55:18,1492/2795,48,up,
July 3,23:50,23:55:58,1660/2795,42,up,
July 3,23:50,23:55:58,1660/2795,38,up,
July 3,23:50,23:55:58,1660/2795,45,up,
July 3,23:50,23:55:58,1660/2795,51,up,
July 3,23:50,23:55:58,1660/2795,59,up,
July 3,23:50,23:56:01,1675/2795,58,up,
July 3,23:50,23:56:33,1831/2795,61,up,
July 3,23:50,23:57:20,2047/2795,58,DS,
July 3,23:50,23:58:24,2351/2795,40,↻,
July 3,23:50,23:58:24,2351/2795,61,↻,
July 3,23:50,23:58:38,2408/2795,53,DS,
July 3,23:50,23:59:15,2577/2795,65,DS,
July 3,23:50,23:59:52,2759/2795,61,DS,
July 3,23:30,23:32:13,602/2766,52,DS,
July 3,23:30,23:33:02,830/2766,55,up,
July 3,23:30,23:33:10,868/2766,51,up,
July 3,23:30,23:33:45,1021/2766,60,up,
July 3,23:30,23:36:54,1902/2766,59,up,
July 4,00:10,12:12:32,701/2792,53,up,
July 4,00:10,12:12:32,701/2792,43,up,
July 4,00:10,12:13:47,1056/2792,60,DS,
July 4,00:10,12:14:54,1368/2792,42,up,
July 4,00:10,12:18:24,2341/2792,57,DS,
July 4,00:10,12:18:43,2429/2792,56,up,
July 4,00:10,12:19:45,2720/2792,86,up,
July 4,00:30,12:36:43,1871/2773,42,up,
July 4,01:00,01:01:33,426/2785,65,up,
July 4,01:00,01:02:15,624/2785,44,up,
July 4,01:00,01:04:10,1164/2785,58,up,
July 4,01:00,01:04:16,1194/2785,46,up,
July 4,01:00,01:06:10,1714/2785,60,up,
July 4,01:00,01:06:37,1843/2785,48,up,
July 4,01:00,01:06:38,1850/2785,54,up,
July 4,01:00,01:08:36,2400/2785,47,up,
July 4,01:00,01:09:54,2759/2785,58,DS,
July 4,01:50,01:50:12,46/2785,60,up,
July 4,01:50,01:50:12,46/2785,50,up,
July 4,01:50,01:50:12,46/2785,54,up,
July 4,01:50,01:50:12,46/2785,47,up,
July 4,01:50,01:51:57,530/2785,52,up,
July 4,01:50,01:51:57,530/2785,52,up,
July 4,01:50,01:52:52,794/2785,64,up,
July 4,01:50,01:53:52,1065/2785,59,up,
July 4,01:50,01:54:05,1120/2785,53,up,
July 4,01:50,01:54:23,1206/2785,45,up,
July 4,01:50,01:54:26,1219/2785,53,up,
July 4,01:50,01:54:26,1219/2785,56,up,
July 4,01:50,01:54:26,1219/2785,40,up,
July 4,01:50,01:54:26,1219/2785,48,up,
July 4,01:50,01:54:43,1304/2785,56,up,
July 4,01:50,01:55:17,1459/2785,54,up,
July 4,01:50,01:56:07,1697/2785,40,up,
July 4,01:50,01:56:07,1697/2785,46,up,
July 4,01:50,01:56:07,1697/2785,51,up,
July 4,01:50,01:56:07,1697/2785,54,up,
July 4,01:50,01:58:56,2493/2785,55,up,
July 4,01:50,01:59:14,2579/2785,45,up,
July 4,01:50,01:59:14,2579/2785,37,up,
July 4,02:30,02:30:23,93/2770,90,up,
July 4,02:30,02:31:08,300/2770,47,up,
July 4,02:30,02:31:08,300/2770,47,up,
July 4,02:30,02:32:26,651/2770,41,up,
July 4,02:30,02:33:07,836/2770,61,up,
July 4,02:30,02:34:09,1125/2770,48,up,
July 4,02:30,02:34:09,1125/2770,53,up,
July 4,02:30,02:35:34,1529/2770,58,up,
July 4,02:30,02:36:08,1682/2770,57,up,
July 4,02:30,02:38:23,2314/2770,52,up,
July 4,02:10,02:10:18,73/2783,42,DS,
July 4,02:10,02:11:43,474/2783,56,up,
July 4,02:10,02:12:17,632/2783,42,up,
July 4,02:10,02:12:24,661/2783,45,up,
July 4,02:10,02:12:53,793/2783,60,up,
July 4,02:10,02:13:55,1083/2783,51,up,
July 4,02:10,02:14:07,1141/2783,54,up,
July 4,02:10,02:15:30,1528/2783,53,up,
July 4,02:10,02:16:58,1937/2783,42,up,
July 4,02:10,02:16:58,1937/2783,63,up,
July 4,02:10,02:18:20,2326/2783,60,up,
July 4,02:10,02:18:22,2335/2783,47,DS,
July 4,02:10,02:19:07,2539/2783,57,up,
July 4,03:00,03:00:49,221/2803,47,up,
July 4,03:00,03:02:22,659/2803,50,DS,
July 4,03:00,03:06:42,1884/2803,52,up,
July 4,03:00,03:07:06,1987/2803,58,up,
July 4,03:10,03:11:13,326/2757,53,DS,
July 4,03:10,03:11:23,368/2757,49,up,
July 4,03:10,03:13:29,950/2757,60,up,
July 4,03:10,03:14:32,1239/2757,46,up,
July 4,03:10,03:16:11,1701/2757,60,up,
July 4,03:10,03:19:08,2519/2757,49,up,
July 4,03:10,03:19:35,2651/2757,45,up,
July 4,04:50,04:55:20,1465/2772,48,up,
July 4,04:50,04:55:20,1465/2772,49,up,
July 4,04:20,04:20:21,87/2765,63,DS,
July 4,04:20,04:20:26,110/2765,45,up,
July 4,04:20,04:21:45,485/2765,65,up,
July 4,04:20,04:25:48,1600/2765,54,up,
July 4,04:20,04:28:43,2409/2765,58,up,
July 4,04:20,04:29:34,2653/2765,49,up,
July 4,05:20,05:27:13,1986/2764,41,up,
July 4,05:20,05:27:13,1986/2764,46,up,
July 4,05:20,05:27:13,1986/2764,60,up,
July 4,05:20,05:27:13,1986/2764,40,up,
July 4,05:20,05:27:13,1986/2764,52,up,
July 4,05:10,05:11:33,433/2753,53,DS,
July 4,05:10,05:11:33,433/2753,55,DS,
July 4,06:50,06:55:59,1656/2785,87,up,
July 4,06:50,06:55:59,1656/2785,74,up,
July 4,06:50,06:57:50,2185/2785,55,DS,
July 4,07:30,07:38:07,2233/2737,59,up,
July 4,15:00,15:07:49,2187/2801,84,up,
July 4,20:10,20:17:47,2179/2798,70,up,
July 4,20:10,20:17:47,2179/2798,95,up,
July 4,21:50,21:54:18,1178/2777,41,up,
July 4,22:20,22:21:30,409/2805,77,DS,
July 4,22:20,22:27:06,1992/2805,40,up,
July 4,22:40,22:45:22,1500/2798,50,up,
July 4,22:40,22:45:22,1500/2798,57,up,
July 4,23:30,23:33:35,990/2783,48,up,
July 4,23:30,23:36:20,1758/2785,59,DS,
July 4,23:30,23:37:15,2014/2783,55,up,
July 4,23:20,23:29:50,2762/2808,47,up,
July 4,23:20,23:29:54,2782/2808,48,up,
July 4,23:20,23:29:54,2782/2808,57,up,
July 4,23:20,23:29:54,2782/2808,50,up,
July 5,00:00,00:01:09,319/2791,61,up,
July 5,00:00,00:03:04,855/2791,66,up,
July 5,00:00,00:03:51,1073/2791,71,up,
July 5,00:00,00:05:11,1446/2791,44,up,
July 5,00:40,00:41:42,461/2770,61,up,
July 5,00:40,00:46:24,1777/2770,57,up,
July 5,00:40,00:47:02,1950/2770,54,up,
July 5,00:40,00:47:10,1989/2770,40,up,
July 5,00:40,00:47:28,2073/2770,64,up,
July 5,00:40,00:47:53,2189/2770,63,up,
July 5,00:40,00:48:50,2447/2770,49,up,
July 5,00:40,00:49:07,2527/2770,53,up,
July 5,00:40,00:49:17,2576/2770,61,up,
July 5,00:40,00:49:48,2722/2770,55,up,
July 5,01:20,01:28:32,-1000/0000,40-60 cm,up,
July 5,01:40,01:40:09,39/2785,65,up,
July 5,01:40,01:40:09,39/2785,42,up,
July 5,01:40,01:40:09,39/2785,65,up,
July 5,01:40,01:40:51,234/2785,53,up,
July 5,01:40,01:40:00,274/2785,48,up,
July 5,01:40,01:42:27,681/2785,45,up,
July 5,01:40,01:45:11,1445/2785,52,up,
July 5,01:40,01:45:30,1535/2785,52,up,
July 5,01:40,01:45:42,1585/2785,53,up,
July 5,01:40,01:46:49,1895/2785,44,up,
July 5,01:40,01:46:49,1895/2785,52,up,
July 5,01:40,01:47:55,2209/2785,46,up,
July 5,01:40,01:48:21,2330/2785,70,DS,
July 5,01:40,01:49:50,2745/2785,72,up,
July 5,02:50,02:52:02,565/2759,53,up,
July 5,02:50,02:53:40,1012/2759,59,up,
July 5,02:50,02:54:14,1171/2759,52,up,
July 5,02:50,02:56:19,1756/2759,40,up,
July 5,02:50,02:57:21,2030/2759,48,up,
July 5,02:50,02:57:21,2030/2759,55,up,
July 5,02:50,02:57:21,2030/2759,54,up,
July 5,02:50,02:58:22,2311/2759,50,DS,
July 5,02:50,02:58:26,2329/2759,57,DS,
July 5,02:50,02:59:05,2501/2759,46,up,
July 5,02:50,02:59:05,2501/2759,45,up,
July 5,02:30,02:30:03,13/2775,43,up,
July 5,02:30,02:31:33,424/2775,50,up,
July 5,02:30,02:32:20,646/2775,51,up,
July 5,02:30,02:33:26,949/2775,53,up,
July 5,02:30,02:34:50,1349/2775,47,up,
July 5,02:30,02:34:52,1355/2775,56,DS,
July 5,02:30,02:37:02,1947/2775,61,up,
July 5,03:10,03:10:58,268/2769,54,up,
July 5,03:10,03:11:46,474/2769,60,up,
July 5,03:10,03:13:17,901/2760,57,up,
July 5,03:10,03:13:42,1009/1769,45,up,
July 5,03:10,03:13:42,1009/1769,67,up,
July 5,03:10,03:14:51,1333/2769,47,↻,
July 5,03:10,03:16:56,1916/2769,43,up,
July 5,03:10,03:16:56,1916/2769,51,up,
July 5,03:10,03:17:12,1991/2769,58,up,
July 5,03:10,03:17:12,1991/2769,48,up,
July 5,03:10,03:17:50,2167/2769,58,up,
July 5,03:10,03:19:27,2614/2769,51,↻,
July 5,03:10,03:19:52,2733/2769,58,up,
July 5,03:40,03:41:35,430/2779,47,up,
July 5,03:40,03:43:18,924/2779,85,up,
July 5,03:40,03:44:04,1120/2779,51,up,
July 5,03:40,03:47:08,1974/2779,46,up,
July 5,04:50,04:50:46,213/2775,61,up,
July 5,04:50,04:54:52,1338/2775,72,↻,
July 5,04:50,04:54:55,1352/2775,77,↻,
July 5,04:50,04:54:57,1363/2775,57,DS,
July 5,04:50,04:55:52,1617/2775,88,DS ↻,
July 5,04:50,04:57:00,1939/2775,82,↻,
July 5,04:40,04:47:39,2131/2786,69,up,
July 5,04:40,04:47:39,2131/2786,49,up,
July 5,05:10,05:11:05,280/2729,85,DS,
July 5,05:10,05:13:33,981/2729,85,up,
July 5,05:10,05:15:42,1565/2729,57,up,
July 5,05:20,05:22:16,624/2729,59,DS,
July 5,05:20,05:22:16,624/2729,73,DS,
July 5,05:20,05:23:47,1051/2790,48,up,
July 5,05:20,05:23:47,1051/2790,57,up,
July 5,05:20,05:28:38,2415/2790,55,up,
July 5,05:20,05:28:38,2415/2790,43,up,
July 5,06:20,06:21:16,350/2780,54,up,
July 5,06:20,06:22:52,800/2780,53,↻,
July 5,06:20,06:24:22,1224/2780,59,↻,
July 5,06:20,06:29:15,2573/2780,51,↻,
July 5,06:50,06:50:50,228/2788,50,↻,
July 5,07:40,07:44:53,1367/2781,50,↻,
July 5,07:40,07:48:41,2416/2781,47,↻,
July 5,21:40,21:45:02,1388/2771,55,↻,whole block
July 5,22:00,22:00:37,168/2795,64,↻,
July 5,22:00,22:07:32,2101/2795,45,↻,
July 5,22:00,22:09:09,2557/2795,61,↻,
July 5,22:30,22:31:45,482/2779,58,↻,
July 5,23:00,22:05:38,1564/2779,60,DS,
July 5,23:40,22:41:14,333/2764,52,DS,
July 9,00:20,00:20:19,35/2802,84,DS,
July 9,00:20,00:20:31,142/2802,49,up,
July 9,00:20,00:20:53,245/2802,40,up,
July 9,00:20,00:21:03,293/2802,40,up,
July 9,00:20,00:21:28,413/2802,60,up,
July 9,00:20,00:21:15,348/2802,71,up,
July 9,00:20,00:22:21,658/2802,61,up,
July 9,00:20,00:23:13,900/2802,59,up,
July 9,00:20,00:23:37,1014/2802,57,up,
July 9,00:20,00:26:46,1903/2802,57,up,
July 9,00:20,00:27:46,2184/2802,56,up,
July 9,00:20,00:28:22,2340/2802,40,up,
July 9,00:20,00:29:21,2617/2802,77,DS,
July 9,00:20,00:29:55,2781/2802,78,↻,
July 9,00:40,00:40:54,242/2800,73,up,
July 9,00:40,00:44:43,1322/2800,67,↻,
July 9,00:40,00:44:56,1384/2800,66,↻,
July 9,00:40,00:45:22,1503/2800,67,↻,
July 9,00:40,00:45:26,1520/2800,51,up,
July 9,00:40,00:46:04,1705/2800,59,↻,
July 9,00:40,00:46:48,1910/2800,57,up,
July 9,00:40,00:47:18,2050/2800,66,up,
July 9,00:40,00:48:28,2368/2800,61,up,
July 9,01:40,01:43:02,833/2780,58,up,
July 9,01:40,01:43:10,868/2780,64,up,
July 9,01:40,01:44:22,1197/2780,83,up,
July 9,01:40,01:44:41,1289/2780,61,up,
July 9,01:40,01:46:55,1921/2780,47,up,
July 9,01:40,01:47:27,2072/2780,58,up,
July 9,01:40,01:49:11,2555/2780,95,DS,
July 9,01:40,01:49:52,2744/2780,89,up,
July 9,01:20,01:20:52,236/2799,55,up,
July 9,01:20,01:20:58,263/2799,52,up,
July 9,01:20,01:21:28,408/2799,47,up,
July 9,01:20,01:21:42,468/2799,58,up,
July 9,01:20,01:21:47,489/2799,59,↻,
July 9,01:20,01:22:17,631/2799,48,up,
July 9,01:20,01:23:18,918/2799,63,up,
July 9,01:20,01:28:04,2266/2799,57,up,
July 9,01:20,01:28:46,2459/2799,69,up,
July 9,01:20,NA,2594/2799,55,up,
July 9,02:50,02:51:07,306/2803,41,up,
July 9,02:50,02:51:12,334/2803,86,DS,
July 9,02:50,02:52:04,573/2803,73,up,
July 9,02:50,02:52:11,608/2803,63,DS,
July 9,02:50,02:52:13,618/2803,73,DS,
July 9,02:50,02:52:23,664/2803,88,up,
July 9,02:50,02:54:39,1298/2803,88,DS,
July 9,02:50,02:54:59,1396/2803,72,up,
July 9,02:50,02:57:18,2045/2803,52,up,
July 9,02:50,02:58:12,2299/2803,72,DS,
July 9,02:50,02:58:56,2508/2803,71,↻,
July 9,02:40,02:40:21,80/2791,55,DS,
July 9,02:40,02:41:11,319/2791,51,up,
July 9,02:40,02:43:47,1040/2791,79,up,
July 9,02:40,02:44:22,1208/2791,73,↻,
July 9,02:40,02:47:14,2014/2791,48,up,
July 9,02:40,02:47:55,2204/2791,94,up,
July 9,02:40,02:48:36,2550/2791,58,DS,
July 9,02:40,02:49:08,2550/2791,45,up,
July 9,02:40,02:49:17,2595/2791,44,up,
July 9,02:40,02:49:14,2579/2791,88,up,
July 9,03:40,03:41:15,339/2783,70,↻,
July 9,03:40,03:42:32,696/2783,60,up,
July 9,03:40,03:45:19,1477/2783,55,up,
July 9,03:40,03:46:29,1803/2783,66,DS,
July 9,03:30,03:37:35,2108/2777,47,up,
July 9,03:30,03:39:53,2748/2777,53,up,
July 9,04:30,04:30:42,187/2761,55,up,
July 9,04:30,04:31:09,310/2761,93,up,
July 9,04:30,04:32:20,632/2761,64,up,
July 9,04:30,04:32:32,688/2761,59,DS,
July 9,04:30,04:33:18,901/2761,78,up,
July 9,04:30,04:38:11,2263/2761,73,DS,
July 9,04:30,04:38:36,2372/2761,64,DS,
July 9,04:50,04:50:14,52/2789,64,up,
July 9,04:50,04:53:15,899/2789,87,up,
July 9,04:50,04:53:55,1084/2789,64,DS,
July 9,04:50,04:56:29,1802/2789,62,up,
July 9,04:50,04:58:16,2304/2789,92,DS,
July 9,04:50,04:59:23,2619/2789,90,up,
July 9,05:00,05:01:35,437/2794,91,DS,
July 9,05:00,05:02:34,709/2794,101,up,
July 9,05:00,05:04:00,1113/2794,81,up,
July 9,05:00,05:07:05,1984/2794,47,up,
July 9,05:00,05:07:05,1984/2794,66,up,
July 9,05:00,05:09:37,2689/2794,53,up,
July 9,05:00,05:09:37,2689/2794,56,up,
July 9,05:00,05:09:37,2689/2794,40,up,
July 9,05:10,05:11:48,492/2791,62,DS,
July 9,05:10,05:18:15,2297/2791,71,DS,
July 9,11:10,11:18:33,2370/2764,50,up,
July 9,11:10,11:18:33,2370/2764,68,up,
July 9,14:40,14:42:17,613/2778,76,up,
July 9,15:20,15:24:43,1299/2780,58,up,
July 9,15:20,15:24:43,1299/2780,66,up,
July 9,18:10,18:18:28,2337/2750,79,up,
July 9,18:10,18:18:28,2337/2750,68,up,
July 9,18:10,18:18:28,2337/2750,67,up,
July 9,18:10,18:18:28,2337/2750,76,up,
July 9,22:40,22:45:44,1588/2768,101,up,
July 9,22:40,22:47:32,2081/2768,102,DS,
July 9,22:40,22:47:54,2190/2768,102,up,
July 9,22:40,22:48:05,2242/2768,56,up,
July 9,22:40,22:48:05,2242/2768,61,up,
July 9,22:40,22:48:17,2299/2768,49,up,
July 9,22:40,22:48:17,2299/2768,58,up,
July 9,22:10,22:14:15,1165/2752,76,up,
July 9,23:00,23:05:40,1566/2763,53,up,
July 9,23:00,23:07:51,2163/2763,43,up,
July 9,23:00,23:07:51,2163/2763,50,up,
July 9,23:30,23:31:30,401/2773,48,up,
July 9,23:30,23:39:17,2567/2773,48,up,
July 10,00:40,00:44:42,1302/2751,47,up,
July 10,00:40,00:44:59,1371/2751,96,up,
July 10,00:40,00:47:09,1964/2751,79,DS,
July 10,00:40,00:47:26,2044/2751,69,up,
July 10,00:40,00:47:44,2125/2751,55,up,
July 10,00:40,00:47:53,2166/2751,109,up,
July 10,00:40,00:48:20,2300/2751,84,DS,
July 10,00:50,00:50:11,48/2769,91,up,
July 10,00:50,00:51:43,478/2769,93,DS,
July 10,00:50,00:53:13,888/2769,53,up,
July 10,00:50,00:53:13,888/2769,51,up,
July 10,00:50,00:53:36,996/2769,54,up,
July 10,00:50,00:53:45,1039/2769,53,up,
July 10,00:50,00:53:54,1082/2769,88,up,
July 10,00:50,00:54:38,1283/2769,55,up,
July 10,00:50,00:55:52,1627/2769,102,DS,
July 10,00:50,00:56:23,1766/2769,52,up,
July 10,00:50,00:56:31,1808/2769,96,up,
July 10,00:50,00:57:03,1961/2769,63,up,
July 10,00:50,00:58:09,2268/2769,84,↻,
July 10,00:50,00:58:04,2244/2769,68,up,
July 10,00:50,00:58:14,2295/2769,47,up,
July 10,00:50,00:59:23,2600/2769,102,DS,
July 10,00:50,00:59:43,2687/2769,46,up,
July 10,01:30,01:34:07,1144/2778,70,↻,
July 10,01:30,01:39:44,2703/2778,77,DS,
July 10,01:20,01:26:31,1792/2778,65,up,
July 10,01:20,01:28:28,2346/2778,55,up,
July 10,01:20,01:29:54,2741/2778,60,up,
July 10,02:20,02:24:48,1320/2767,54,up,
July 10,02:40,02:40:06,27/2776,56,up,
July 10,02:40,02:40:34,146/2776,49,up,
July 10,02:40,02:44:05,1140/2776,67,DS,
July 10,02:40,02:45:24,1507/2776,78,up,
July 10,02:40,02:45:00,1391/2776,45,up,
July 10,02:40,02:46:42,1863/2776,54,up,
July 10,02:40,02:49:35,2661/2776,56,up,
July 10,03:50,03:58:04,2232/2775,57,up,
July 10,03:00,03:01:37,441/2775,50,up,
July 10,03:00,03:07:56,2191/2775,50,up,
July 10,03:00,03:08:31,2344/2775,56,up,
July 10,04:50,04:50:04,861/2775,62,up,
July 10,04:50,04:53:08,677/2775,80,DS,
July 10,05:10,05:12:27,1638/2765,65,DS,
July 10,05:10,05:16:55,1877/2768,62,up,
July 10,05:10,05:19:15,2569/2768,66,DS,
July 10,05:20,05:20:10,44/2774,51,DS,
July 10,05:20,05:20:10,44/2774,61,DS,
July 10,05:20,05:23:34,990/2774,64,DS,
July 10,05:20,05:23:34,990/2774,60,DS,
July 10,05:20,05:25:53,1631/2774,58,up,
July 10,05:20,05:27:34,2088/2774,56,DS,
July 10,05:20,05:28:30,2350/2774,67,up,
July 10,05:20,05:29:17,2568/2774,57,up,
July 10,06:00,06:03:42,1013/2774,54,up,
July 10,06:00,06:03:42,1013/2774,48,up,
July 10,07:50,07:52:47,771/2768,48,up,
July 10,08:10,08:13:11,864/2755,51,up,
July 10,08:10,08:13:11,864/2755,45,up,
July 10,12:00,12:05:59,1671/2794,71,up,
July 10,12:00,12:05:59,1671/2794,65,up,
July 10,12:00,12:05:59,1671/2794,67,up,
July 10,12:00,12:05:59,1671/2794,57,up,
July 10,12:10,12:11:54,515/2786,46,↻,
July 10,12:10,12:17:15,2009/2786,51,↻,
July 10,12:10,12:19:50,2744/2786,53,↻,
July 10,14:20,14:25:27,1511/2772,52,up,
July 10,16:10,16:14:55,1360/2776,74,up,
July 10,16:10,16:14:55,1360/2776,84,up,
July 10,18:50,18:59:08,2556/2796,106,up,
July 10,23:20,23:28:27,2339/2772,46,up,
July 10,23:20,23:28:28,2343/2772,62,up,
July 10,23:20,23:29:53,2741/2772,52,up,
July 11,00:50,00:53:59,1109/2773,53,up,
July 11,00:50,00:54:51,1343/2773,45,DS,
July 11,00:50,00:57:26,2066/2773,48,up,
July 11,00:50,00:59:13,2562/2773,60,up,
July 11,00:20,00:20:14,54/2784,55,up,
July 11,00:20,00:20:37,168/2784,53,up,
July 11,00:20,00:20:48,217/2784,44,up,
July 11,00:20,00:20:52,237/2784,53,up,
July 11,00:20,00:21:33,427/2784,51,up,
July 11,00:20,00:21:52,519/2784,40,up,
July 11,00:20,00:22:30,695/2784,56,up,
July 11,00:20,00:23:33,985/2784,45,up,
July 11,00:20,00:23:43,1034/2784,58,up,
July 11,00:20,00:24:13,1175/2784,61,up,
July 11,00:20,00:26:53,1920/2784,64,DS,
July 11,00:20,00:28:41,2417/2784,67,up,
July 11,01:30,01:31:46,487/2756,49,DS,
July 11,01:30,01:31:53,518/2756,50,↻,
July 11,01:30,01:33:06,854/2756,56,up,
July 11,01:30,01:37:10,1974/2756,52,up,
July 11,01:00,01:04:25,880/2416,48,up,
July 11,01:00,01:05:34,1198/2416,56,↻,
July 11,01:00,01:07:09,1635/2416,48,up,
July 11,01:00,01:07:18,1671/2416,57,up,
July 11,02:00,02:02:06,573/2761,59,up,
July 11,02:00,02:03:07,855/2761,46,up,
July 11,02:00,02:06:59,1925/2761,56,up,
July 11,02:00,02:07:46,2138/2761,44,up,
July 11,02:00,02:56:17,1743/2761,49,up,
July 11,02:00,02:57:58,2205/2761,60,up,
July 11,03:40,03:44:02,1106/2765,59,up,
July 11,03:40,03:44:20,1190/2765,75,DS,
July 11,03:40,03:46:08,1692/2765,65,up,
July 11,03:40,03:46:32,1806/2765,58,up,
July 11,03:40,03:47:40,2119/2765,54,up,
July 11,03:40,03:49:33,2635/2765,51,up,
July 11,03:40,03:49:33,2635/2765,47,up,
July 11,03:10,03:14:37,1264/2753,46,up,
July 11,03:10,03:14:47,1308/2753,57,up,
July 11,03:10,03:15:00,1366/2753,52,up,
July 11,03:10,03:14:47,1583/2753,45,up,
July 11,03:10,03:18:07,2233/2753,42,up,
July 11,03:10,03:19:14,2541/2753,56,up,
July 11,03:10,03:19:18,2556/2753,53,up,
July 11,04:30,04:31:33,399/2712,55,up,
July 11,04:30,04:32:45,731/2712,58,up,
July 11,04:30,04:32:45,731/2712,53,up,
July 11,04:30,04:34:17,1154/2712,64,up,
July 11,04:30,04:38:31,2317/2712,45,up,
July 11,04:30,04:39:26,2561/2712,45,up,
July 11,04:00,04:05:16,1435/2742,56,up,
July 11,04:00,04:05:16,1435/2742,47,up,
July 11,04:00,04:05:20,1453/2742,42,up,
July 11,04:00,04:08:57,2460/2742,54,up,
July 11,04:00,04:09:47,2681/2742,44,up,
July 11,05:10,05:11:22,371/2746,90,up,
July 11,05:10,05:14:51,1327/2746,46,DS,
July 11,05:50,05:59:38,2652/2755,46,DS,
July 11,05:50,05:59:38,2652/2755,58,up,
July 11,06:30,06:31:12,330/2728,44,up,
July 11,16:20,16:26:02,1670/2760,68,up,
July 11,16:20,16:26:02,1670/2760,82,up,
July 11,18:30,18:30:52,232/2762,70,up,
July 11,18:30,18:30:52,232/2762,74,up,
July 11,18:30,18:30:52,232/2762,79,up,
July 11,19:40,19:43:47,1053/2762,57,up,
July 11,19:40,19:43:47,1053/2762,52,up,
July 11,22:50,22:54:15,1155/2757,49,up,
July 11,22:50,22:54:15,1155/2757,46,up,
July 11,22:50,22:54:15,1155/2757,46,up,
July 11,22:50,22:54:15,1155/2757,51,up,
July 11,22:50,22:54:15,1155/2757,50,up,
July 11,23:30,23:33:06,842/2755,43,up,
July 11,23:30,23:37:10,1975/2755,61,up,
July 11,23:30,23:38:53,2463/2755,49,up,
July 11,23:10,23:12:22,658/2740,46,up,
July 15,00:10,00:17:12,2003/2778,52,up,
July 15,00:50,00:55:21,1494/2788,58,DS,
July 15,00:50,00:55:55,1493/2788,50,up,
July 15,00:50,00:56:11,1730/2788,52,up,
July 15,00:50,00:57:51,2192/2788,93,DS,
July 15,01:30,01:30:31,142/2782,51,up,
July 15,01:30,01:33:02,840/2782,86,up,
July 15,01:30,01:33:33,991/2782,83,up,
July 15,01:30,01:37:46,2158/2782,41,up,
July 15,01:00,01:00:52,227/2775,58,up,
July 15,01:00,01:02:04,559/2775,46,up,
July 15,04:20,04:23:07,845/2759,54,up,
July 15,04:20,04:24:09,1120/2759,68,up,
July 15,04:20,04:24:30,1220/2759,45,up,
July 15,04:20,04:25:39,1548/2759,51,up,
July 15,04:00,04:07:12,1984/2747,82,up,
July 15,05:30,05:31:43,466/2779,76,up,
July 15,05:30,05:37:50,2175/2779,56,up,
July 15,06:50,05:21:57,530/2783,64,up,
July 15,06:50,05:27:44,2151/2782,47,up,
July 15,06:50,06:51:46,488/2778,46,up,
July 15,06:50,06:59:47,2720/2778,42,DS,
July 15,06:00,00:03:26,936/2764,52,up,
July 15,06:00,00:03:26,936/2764,44,up,
July 15,06:00,06:06:51,1890/2764,48,up,
July 15,07:00,07:03:20,911/2762,61,up,
July 15,07:00,07:03:56,1076/2762,48,up,
July 15,08:00,08:05:35,1550/2784,56,up,
July 15,08:30,08:31:21,364/2772,50,DS,
July 15,09:20,09:28:39,2389/2767,59,up,
July 15,09:20,09:28:39,2389/2767,53,up,
July 15,13:40,13:47:05,2032/2869,83,up,
July 15,16:30,16:30:03,12/2837,76,up,
July 15,16:30,16:31:25,400/2837,65,up,
July 15,16:30,16:31:25,400/2837,45,up,
July 15,16:30,16:31:25,400/2837,67,up,
July 15,17:50,17:58:53,2073/2837,66,up,
July 15,20:30,20:30:14,2537/2854,56,DS,
July 15,20:30,20:31:41,65/2829,72,up,
July 15,20:30,20:32:48,476/2829,41,up,
July 15,20:30,20:34:36,794/2829,46,up,
July 16,01:50,01:50:28,1300/2829,68,up,
July 16,01:50,01:56:24,126/2827,69,up,
July 16,01:50,01:56:29,1811/2827,73,up,
July 17,01:50,01:54:41,1832/2827,59,up,
July 17,03:30,03:32:23,670/2831,46,up,
July 17,03:30,03:35:03,1432/2831,75,DS,
July 17,03:30,03:36:27,1808/2831,130,DS,
July 17,04:40,04:40:52,230/2799,75,up,
July 17,04:40,04:45:26,1510/2799,46,DS,
July 17,06:40,06:49:25,2654/2805,66,DS,
July 17,06:40,06:49:25,2654/2805,85,DS,
July 17,06:30,06:30:25,111/2812,95,up,
July 17,06:30,06:32:49,787/2812,51,up,
July 17,06:30,06:33:23,953/2812,53,up,
July 17,06:30,06:33:23,953/2812,51,up,
July 17,06:30,06:33:49,1072/2812,69,DS,
July 17,06:30,06:37:47,2201/2812,48,up,
July 17,06:30,06:37:47,2201/2812,51,up,
July 17,06:30,06:39:01,2538/2812,92,up,
July 17,07:50,07:52:30,696/2820,80,up,
July 17,08:10,08:19:13,2618/2832,45,up,
July 17,08:10,08:19:13,2618/2832,47,up,
July 17,08:40,08:46:49,1917/2825,53,up,
July 17,08:40,08:47:02,1981/2825,47,up,
July 17,09:00,09:09:28,2677/2823,60,up,
July 17,09:00,09:09:28,2677/2823,66,up,
July 17,09:10,09:15:17,1489/2825,51,up,
July 17,09:10,09:15:17,1489/2825,53,up,
July 17,11:00,11:09:04,2566/2822,62,up,
July 17,12:30,12:35:45,1637/2850,59,up,
July 17,13:40,13:41:13,340/2844,68,up,
July 17,14:40,14:42:36,726/2832,70,up,
July 17,22:00,22:09:27,2702/2857,58,up,
July 18,04:40,04:43:36,1014/2806,56,up,
July 18,05:20,05:23:01,860/2828,42,up,
July 18,05:00,05:08:41,2449/2822,79,up,
July 18,05:00,05:09:01,2545/2822,73,up,
July 18,06:30,06:34:19,1222/2813,70,up,
July 18,07:10,07:10:56,254/2804,47,up,
July 18,07:10,07:10:56,254/2804,47,up,
July 18,09:50,09:51:24,389/2812,61,up,
July 18,09:50,09:52:47,777/2812,78,up,
July 18,09:50,09:52:47,777/2812,64,up,
July 18,22:00,22:06:24,1793/2810,44,DS,
July 19,01:20,01:22:20,660/2828,71,up,
July 19,02:50,02:51:33,431/2817,65,up,
July 19,03:10,03:11:17,357/2802,59,up,
July 19,03:10,03:12:52,807/2802,68,up,
July 19,03:10,03:14:35,1292/2802,69,up,
July 19,03:50,03:50:21,376/2825,50,DS,
July 19,06:40,06:42:49,784/2809,55,up,
July 19,06:40,06:49:39,2711/2809,74,up,
July 19,06:30,06:34:36,1298/2822,50,up,
July 19,08:10,08:15:07,1440/2836,56,up,
July 19,08:10,08:19:36,2723/2836,84,up,
July 19,09:40,09:47:57,224/2797,49,up,
July 19,09:00,09:02:04,566/2812,80,up,
July 19,09:00,09:06:11,1741/2812,59,up,
July 19,09:00,09:06:17,1767/2812,75,DS,
July 19,10:20,10:20:12,53/2808,61,up,
July 19,10:20,10:26:25,1811/2808,67,up,
July 19,11:50,11:51:47,493/2802,46,up,
July 19,11:50,11:55:42,1604/2802,77+,up,
July 19,11:50,11:57:08,2004/2802,52,up,
July 19,11:50,11:57:00,1963/2802,57,up,
July 19,12:50,12:44:06,1139/2804,58,up,
July 19,12:50,12:44:20,1204/2804,85,up,
July 19,12:50,12:47:24,2066/2804,54,up,
July 19,14:10,14:11:04,291/2800,59,up,
July 19,14:10,14:19:02,2540/2800,59,up,
July 19,14:20,14:27:03,1980/2803,48,up,
July 19,16:20,16:24:28,1235/2797,46,up,
July 19,17:20,17:20:37,166/2818,71,up,
July 19,20:30,20:37:56,2237/2819,60,up,
July 19,21:00,21:03:18,929/2815,65,up,
July 19,23:00,23:04:14,1187/2821,73,up,
July 20,04:40,04:43:08,887/2821,96,up,
July 20,05:20,05:29:20,2641/2825,45,up,
July 20,06:40,06:42:50,788/2800,89,up,
July 20,06:40,06:46:15,1755/2800,64,up,
July 20,07:10,07:13:42,1041/2821,131,DS,
July 20,09:50,09:58:46,2478/2822,53,up,
July 20,11:00,11:04:06,1158/2815,122,DS,
July 20,13:20,13:20:04,9/2830,63,up,
July 20,13:20,13:20:04,9/2830,56,up,
July 20,13:20,13:20:04,9/2830,67,up,
July 20,13:20,13:20:56,256/2830,65,up,
July 20,13:20,13:21:32,428/2830,57,up,
July 20,13:30,13:31:52,526/2837,92,up,
July 20,14:40,14:49:47,2770/2826,82,up,
July 20,14:40,14:49:52,2790/2826,50,up,
July 20,15:40,15:41:17,361/2832,86,up,
July 20,15:40,15:41:39,461/2832,68,up,
July 20,17:40,17:40:45,197/2819,65,up,
July 20,17:30,17:33:58,1121/2814,66,up,
July 20,17:30,17:38:53,2501/2814,50,up,
July 20,17:30,17:38:53,2501/2814,51,up,
July 20,19:50,19:53:32,993/2817,56,up,
July 20,19:10,19:15:59,1661/2803,67,up,
July 20,19:10,19:17:16,2023/2803,48,up,
July 20,19:10,19:17:16,2023/2803,53,up,
July 20,19:10,19:17:16,2023/2803,55,up,
July 20,20:20,20:25:40,1590/2810,46,up,
July 20,21:10,21:10:41,189/2791,48,up,
July 20,21:50,22:51:11,327/2812,52,up,
July 20,21:50,22:51:11,327/2812,49,up,
July 20,22:50,22:51:25,386/2812,47,up,
July 20,23:38,23:38:38,2429/2809,53,up,
July 20,23:38,23:39:03,2547/2809,57,up,
July 31,00:50,12:53:43,1028/2768,60,up,
July 31,00:50,12:54:08,1147/2768,71,up,
July 31,00:50,12:54:27,1234/2768,47,↻,
July 31,00:50,12:54:27,1234/2768,52,↻,
July 31,00:50,12:55:41,1579/2768,51,up,
July 31,00:50,12:57:49,2164/2768,63,↻,
July 31,00:30,12:33:20,926/2772,75,up,
July 31,00:30,12:35:18,1471/2772,54,up,
July 31,00:30,12:36:24,1773/2772,53,up,
July 31,01:10,01:10:24,102/2768,78,up,
July 31,01:10,01:10:30,129/2768,87,up,
July 31,01:10,01:11:01,279/2768,75,up,
July 31,01:10,01:11:26,393/2768,56,up,
July 31,01:10,01:14:40,1292/2768,67,DS,
July 31,01:10,01:15:45,1598/2768,66,up,
July 31,01:10,01:15:35,1555/2768,66,up,
July 31,01:10,01:17:43,2139/2768,54,up,
July 31,01:10,01:17:55,2185/2768,44,up,
July 31,01:35,01:34:48,1334/2764,42,↻,
July 31,01:35,01:36:22,1753/2764,46,up,
July 31,01:35,01:36:40,1837/2764,43,↻,
July 31,01:35,01:37:23,2030/2764,44,up,
July 31,01:35,01:37:23,2030/2764,59,up,
July 31,01:35,01:37:23,2030/2764,44,up,
July 31,01:35,01:37:50,2159/2764,48,up,
July 31,01:35,01:38:23,2310/2764,71,↻,
July 31,02:00,02:00:20,83/2768,74,↻,
July 31,02:00,02:07:11,1991/2768,60,up,
July 31,02:30,02:31:23,385/2792,46,up,
July 31,02:30,02:32:54,811/2792,45,up,
July 31,02:30,02:38:12,2290/2792,49,up,
July 31,02:30,02:39:58,2782/2792,63,up,
July 31,03:20,03:24:36,1284/2785,46,DS,
July 31,03:20,03:27:07,1976/2785,46,up,
July 31,03:20,03:29:30,2643/2785,55,↻,
July 31,03:20,03:29:30,2643/2785,58,↻,
July 31,03:20,03:29:47,2724/2785,48,↻,
July 31,03:20,03:29:52,2749/2785,51,↻,
July 31,03:10,03:14:14,1161/2773,50,↻,
July 31,03:10,03:14:21,1196/2773,55,up,
July 31,03:10,03:15:19,1250/2773,79,up,
July 31,03:10,03:15:19,1468/2773,44,up,
July 31,03:10,03:14:41,2125/2773,49,up,
July 31,04:00,04:04:52,1361/2787,42,DS,
July 31,04:00,04:09:10,2561/2787,51,↻,
July 31,04:00,04:09:39,2699/2787,49,↻,
July 31,04:00,04:09:40,2610/2787,48,up,
July 31,04:10,04:11:12,331/2776,68,up,
July 31,04:10,04:14:08,1142/2776,58,up,
July 31,04:10,04:18:02,2225/2776,92,up,
July 31,05:20,05:20:37,160/2767,71,up,
July 31,05:20,05:20:52,236/2767,48,up,
July 31,05:20,05:21:13,338/2767,66,DS,
July 31,05:20,05:21:21,378/2767,55,DS,
July 31,05:20,05:21:36,451/2767,52,↻,
July 31,05:20,05:22:08,592/2767,45,DS,
July 31,05:20,05:22:08,592/2767,50,DS,
July 31,05:20,05:22:08,592/2767,49,DS,
July 31,05:20,05:22:58,812/2767,57,↻,
July 31,05:20,05:22:58,812/2767,47,↻,
July 31,05:20,05:23:26,947/2767,58,up,
July 31,05:20,05:23:53,1073/2767,54,up,
July 31,05:20,05:27:11,1985/2767,55,DS,
July 31,05:20,05:27:11,1985/2767,65,DS,
July 31,05:20,05:27:11,1985/2767,63,DS,
July 31,05:20,05:27:11,1985/2767,40,DS,
July 31,05:20,05:27:42,2127/2767,43,DS,
July 31,05:20,05:27:42,2127/2767,49,DS,
July 31,05:20,05:27:42,2127/2767,62,DS,
July 31,05:30,05:31:04,290/2763,NA,NA,
July 31,05:30,05:31:27,398/2763,36,DS,
July 31,05:30,05:31:27,398/2763,52,DS,
July 31,05:30,05:31:27,398/2763,30,DS,
July 31,05:30,05:31:27,398/2763,34,DS,
July 31,05:30,05:31:35,429/2763,55,DS,
July 31,05:30,05:32:00,549/2763,56,DS,
July 31,05:30,05:32:00,549/2763,52,up,
July 31,05:30,05:32:01,556/2763,45,up,
July 31,05:30,05:32:32,698/2763,56,DS,
July 31,05:30,05:32:49,774/2763,46,up,
July 31,05:30,05:33:23,938/2763,48,up,
July 31,05:30,05:33:23,938/2763,50,up,
July 31,05:30,05:34:27,1233/2763,44,up,
July 31,05:30,05:34:27,1233/2763,54,up,
July 31,05:30,05:35:43,1590/2763,47,up,
July 31,05:30,05:38:22,2308/2763,46,up,
July 31,05:30,05:38:22,2308/2763,58,up,
July 31,05:30,05:39:30,2623/2763,64,up,
July 31,06:10,06:10:35,157/2781,54,up,
July 31,06:10,06:10:35,157/2781,52,up,
July 31,06:10,06:10:35,157/2782,44,up,
July 31,06:10,06:10:35,157/2783,43,up,
July 31,06:10,06:12:41,751/2781,43,DS,
July 31,06:10,06:12:41,751/2781,51,DS,
July 31,06:10,06:12:46,772/2781,57,DS,
July 31,06:10,06:13:27,967/2781,39,↻,
July 31,06:10,06:13:27,967/2781,45,↻,
July 31,06:10,06:13:27,967/2781,50,↻,
July 31,06:10,06:16:06,967/2781,50,up,
July 31,06:10,06:16:55,1703/2781,45,↻,
July 31,06:10,06:16:55,1918/2781,52,↻,
July 31,06:10,06:18:51,1918/2781,53,↻,
July 31,06:10,06:19:07,2532/2781,61,DS,
July 31,06:10,06:19:07,2532/2781,47,DS,
July 31,06:40,06:40:00,-1000/0000,,,*
July 31,07:40,07:40:00,-1000/0000,small,,*
July 31,13:10,01:12:07,588/2793,50,up,
July 31,14:10,14:10:00,4/0000,sm.,DS,*
July 31,18:50,06:54:29,1245/2794,49,DS,
July 31,18:50,06:54:32,1259/2794,51,DS,
July 31,21:50,21:50:00,-1000/0000,sm.,up,*
July 31,22:10,22:10:00,-1000/0000,sm.,up,*
July 31,22:30,10:30:25,110/2817,65,DS,
July 31,22:30,10:30:25,110/2817,51,DS,
July 31,22:30,10:30:48,221/2817,48,DS,
July 31,22:30,10:30:48,221/2817,47,DS,
July 31,22:30,10:31:34,434/2817,58,up,
July 31,22:30,10:31:34,434/2817,42,up,
July 31,22:30,22:30:00,3/0000,sm.,DS,*
July 31,22:30,10:36:56,1948/2817,44,up,
July 31,22:30,10:39:41,2731/2817,55,up,
July 31,22:30,10:39:57,2805/2817,59,up,
July 31,23:10,11:11:17,352/2805,45,up,
July 31,23:10,11:15:16,1479/2805,49,up,
July 31,23:10,11:15:49,1633/2805,40,up,
July 31,23:10,11:17:47,2181/2805,52,up,
July 31,23:10,11:18:49,2474/2805,55,up,
July 31,23:10,11:18:49,2474/2805,54,up,
July 31,23:20,11:21:56,535/2801,44,up,
July 31,23:20,23:20:00,5/0000,sm.,up,*
July 31,23:20,11:27:31,1262/2801,45,up,
July 31,23:20,11:27:31,2021/2801,41,up,
July 31,23:20,11:29:29,2657/2801,52,up,
July 31,23:20,11:29:54,385/2810,45,up,
August 1,00:10,12:11:24,385/2810,48,up,
August 1,00:10,12:11:43,476/2810,51,up,
August 1,00:10,11:12:08,597/2810,53,up,
August 1,00:10,12:12:52,799/2810,44,up,
August 1,00:10,12:13:20,933/2810,54,up,
August 1,00:10,12:15:38,1580/2810,45,up,
August 1,00:10,12:15:38,1580/2810,40,up,
August 1,00:10,12:16:21,1784/2810,41,up,
August 1,00:10,12:16:37,1860/2810,61,up,
August 1,00:10,12:17:09,2005/2810,54,DS,
August 1,00:10,12:18:18,2330/2810,46,up,
August 1,00:10,12:19:23,2636/2810,54,DS,
August 1,00:40,12:44:03,1126/2807,65,up,
August 1,00:40,12:44:15,1185/2807,54,up,
August 1,00:40,12:46:05,1704/2807,62,up,
August 1,00:40,12:46:24,1794/2807,54,up,
August 1,00:40,12:47:15,2034/2807,65,up,
August 1,00:40,12:47:34,2127/2807,45,up,
August 1,00:40,12:47:35,2130/2807,45,up,
August 1,00:40,12:49:08,2559/2807,48,up,
August 1,00:40,12:49:23,2635/2807,56,up,
August 1,00:40,12:49:47,2749/2807,44,up,
August 1,01:00,01:00:19,86/2803,42,up,
August 1,01:00,01:01:05,295/2803,42,up,
August 1,01:00,01:02:09,596/2803,79,up,
August 1,01:00,01:02:35,722/2803,56,up,
August 1,01:00,01:04:02,1126/2803,52,up,
August 1,01:00,01:04:12,1174/2803,49,up,
August 1,01:00,01:04:33,1276/2803,49,up,
August 1,01:00,01:04:42,1322/2803,51,up,
August 1,01:00,01:04:42,1322/2803,41,up,
August 1,01:00,01:05:23,1508/2803,48,up,
August 1,01:00,01:05:23,1508/2803,57,up,
August 1,01:00,01:05:53,1652/2803,50,up,
August 1,01:00,01:07:25,2074/2803,78,up,
August 1,01:00,01:07:47,2179/2803,47,up,
August 1,01:00,01:09:28,2651/2803,79,up,
August 1,01:10,01:11:32,416/2806,84,up,
August 1,01:10,01:14:17,1199/2806,44,up,
August 1,01:10,01:14:42,1311/2806,54,up,
August 1,01:10,01:16:17,1760/2806,62,DS,
August 1,01:10,01:18:52,2491/2806,85,up,
August 1,01:10,01:19:05,2546/2806,46,up,
August 1,02:10,02:10:25,110/2803,53,up,
August 1,02:10,02:16:59,1953/2803,53,DS,
August 1,03:10,03:13:38,1015/2804,76,up,
August 1,03:10,03:18:15,2314/2804,64,up,
August 1,03:30,03:31:49,494/2806,49,up,
August 1,03:30,03:31:53,510/2806,50,up,
August 1,03:30,03:32:18,631/2806,44,DS,
August 1,03:30,03:35:55,1646/2806,47,up,
August 1,03:30,03:38:00,2237/2806,54,up,
August 1,03:30,03:39:27,2652/2806,49,up,
August 1,03:30,03:39:27,2652/2806,48,up,
August 1,04:40,04:41:28,400/2676,44,up,
August 1,04:40,04:42:16,594/2676,45,up,
August 1,04:40,04:42:16,594/2676,44,up,
August 1,04:40,04:43:11,824/2676,48,up,
August 1,04:40,04:43:34,923/2676,56,up,
August 1,04:40,04:43:45,979/2676,42,up,
August 1,04:40,04:44:32,1192/2676,48,up,
August 1,04:40,04:45:08,1360/2676,44,up,
August 1,04:40,04:47:40,2058/2676,45,up,
August 1,04:40,04:48:28,2246/2676,64,up,
August 1,04:40,04:48:56,2394/2676,42,DS,
August 1,04:40,04:48:59,2405/2676,54,up,
August 1,04:10,04:11:32,421/2793,53,DS,
August 1,04:10,04:11:52,519/2793,57,up,
August 1,04:10,04:12:26,675/2793,54,up,
August 1,04:10,04:12:56,822/2793,55,DS,
August 1,04:10,04:15:57,1664/2793,53,up,
August 1,04:10,04:17:23,2065/2793,46,up,
August 1,05:10,04:18:54,2487/2793,49,DS,
August 1,05:10,05:10:04,10/2677,55,up,
August 1,05:10,05:10:04,10/2677,57,up,
August 1,05:10,05:10:24,90/2677,56,up,
August 1,05:10,05:10:38,162/2677,50,up,
August 1,05:10,05:10:00,4/0000,sm.,up,*
August 1,05:10,05:14:05,1016/2677,89,up,
August 1,05:10,05:14:17,1073/2677,48,up,
August 1,05:10,05:10:00,11/0000,sm.,up,*
August 1,05:20,05:20:00,9/0000,sm.,up,*
August 1,06:10,06:10:27,120/2798,84,up,
August 1,06:10,06:11:22,377/2798,71,up,
August 1,06:10,06:10:00,11/0000,sm.,up,*
August 1,06:10,06:18:16,2311/2798,82,up,
August 1,07:20,07:21:47,479/2773,99,DS,
August 1,07:50,07:40:00,135/0000,sm.,up,*
August 1,07:50,07:30:00,83/0000,sm.,DS,*
August 1,08:10,08:20:00,136/0000,sm.,up,*
August 1,08:10,08:10:00,28/0000,sm.,DS,*
August 1,08:30,08:40:00,87/0000,sm.,up,*
August 1,08:30,08:30:00,0/0000,sm.,DS,*
August 1,10:50,10:50:00,14/0000,sm.,up,*
August 1,11:10,11:10:00,74/0000,sm.,up,*
August 1,12:00,12:10:00,34/0000,sm.,DS,*
August 1,12:00,12:00:00,2/0000,sm.,up,*
August 1,12:40,12:48:15,2280/2762,89,up,
August 1,14:20,14:20:00,6/0000,sm.,DS,*
August 1,14:20,14:26:39,1844/2773,62,up,
August 1,14:30,14:31:13,338/2793,68,up,
August 1,14:30,14:30:00,31/0000,sm.,up,*
August 1,15:00,15:05:58,1642/2771,99,up,
August 1,20:20,20:23:33,981/2770,49,DS,
August 1,20:20,20:23:33,981/2770,52,up,
August 2,08:10,08:12:28,682/2779,51,up,
August 2,08:10,08:16:49,1889/2779,70,up,
August 2,08:10,08:17:12,1992/2779,45,up,
August 2,08:10,08:17:12,1992/2779,57,up,
August 2,08:10,08:17:12,1992/2779,52,up,
August 2,08:10,08:17:55,2195/2779,55,up,
August 2,08:10,08:17:55,2195/2779,45,up,
August 2,08:10,08:17:55,2195/2779,58,up,
August 2,12:50,12:51:41,464/2785,76,up,
August 2,12:50,12:53:45,1042/2785,82,DS,
August 2,12:50,12:57:38,2123/2785,91,up,
August 2,13:00,13:02:32,695/2769,73,DS,
August 2,13:00,13:03:38,1008/2769,66,up,
August 2,13:00,13:08:41,2403/2769,84,DS,
August 2,14:40,14:42:14,622/2782,73,up,
August 2,14:40,14:43:45,1048/2782,45,up,
August 2,14:40,14:43:45,1048/2782,47,up,
August 2,14:40,14:44:28,1249/2782,56,DS,
August 2,14:00,14:06:26,1777/2784,92,up,
August 2,14:00,14:06:26,1777/2784,63,up,
August 2,15:20,15:20:22,87/2777,93,up,
August 2,15:20,15:20:00,4/0000,sm.,up,*
August 2,15:40,15:47:08,1975/2781,74,up,
August 2,18:50,18:50:30,134/2762,65,up,
August 2,18:30,18:32:32,706/2796,89,up,
August 2,20:30,20:39:03,2499/2762,91,up,
August 2,22:00,22:00:00,-1000/0000,,,*
August 2,22:20,22:20:00,-1000/0000,,,*